,Content Source,Unbalanced Finetuning,Balanced Finetuning,PET 50,PET 100,PET 200,PET 500,PET 1000
0,Title,0.691859156690526,0.8549026349513956,0.5938518311366179,0.6606773746413113,0.6834054763873353,0.7319895676280337,0.7739439959145956
1,Abstract,0.5774521496135724,0.8450226244343891,0.6549116108542338,0.6636425201998972,0.6844028770258278,0.7658271449255055,0.8209127317733875
2,Full text,0.8899583373310798,0.8807936572369053,0.6094558725945587,0.6598890363488903,0.7367083241170832,0.8139736783897367,0.8595941163459412
3,Translated Title,0.8731703346076415,0.8659377749390241,0.6449583859531671,0.7127702630738099,0.7519011609330066,0.8151971151651628,0.8371894161861144
4,Phrases with Keywords (Abstract),0.7962962962962963,0.7381443943943945,0.5538976476476477,0.5456081081081081,0.5925925925925926,0.6674174174174173,0.5916854354354355
5,Phrases with Keywords + O.C (Abstract),0.615282256233253,0.8519687542576866,0.6102124301137458,0.6581688596491229,0.6834966020821285,0.7472135868517447,0.7904075091575091
6,Phrases with Keywords (Full text),0.6756831088514257,0.8625642969702376,0.6432826065967039,0.7086443409609114,0.7248947215971123,0.7734007709275639,0.8349561432826066
7,Phrases with Keywords + O.C (Full text),0.6694690971159607,0.8465437648975651,0.6274251466067322,0.66136212939282,0.700276421504043,0.752945051538402,0.7766927587899455
