,Content Source,Unbalanced Finetuning,Balanced Finetuning,PET 50,PET 100,PET 200,PET 500,PET 1000
0,Title,0.8792360828931327,0.8627856093520458,0.6057083191479014,0.6551359369680464,0.6535643937551676,0.705437478721852,0.7587696366908224
1,Abstract,0.8798361920796942,0.8624644848995056,0.6627113399654384,0.6653326561113446,0.7043750875718089,0.7390447667087011,0.7923234552332914
2,Full text,0.8824561047434184,0.8639330076092492,0.5994138464941384,0.6551758460517585,0.7252433090024331,0.7906473494064736,0.8483705669837056
3,Translated Title,0.885215207787369,0.8482665339131906,0.6142339820154284,0.6614031617546369,0.7427993244374116,0.8210124309602422,0.8336929233297324
4,Phrases with Keywords (Abstract),0.7960773273273273,0.7559434434434434,0.5211461461461461,0.5030655655655656,0.5761386386386387,0.6115803303303302,0.5577452452452453
5,Phrases with Keywords + O.C (Abstract),0.8551432853444754,0.8382397020754802,0.6227603262965106,0.6673173317910159,0.6796799691536534,0.73258416473877,0.7763127771351456
6,Phrases with Keywords (Full text),0.8939025659322687,0.8567181042428567,0.6639966429743841,0.7032188825263846,0.7225254933416516,0.7743625736206116,0.8197789710567945
7,Phrases with Keywords + O.C (Full text),0.8809746509713321,0.8508648669617802,0.5822353974527887,0.633080592799263,0.6667872243319815,0.7252167885160212,0.7697219423562135
