,Content Source,Unbalanced Finetuning,Balanced Finetuning,PET 50,PET 100,PET 200,PET 500,PET 1000
0,Title,0.8809614603194449,0.859572406463914,0.617254754146199,0.6755751179417343,0.6438463596128593,0.7370507271047128,0.7728040951315598
1,Abstract,0.8687168964186748,0.8389046733779976,0.6277672691607118,0.678459670262949,0.7271350007005744,0.788155037130447,0.8130954883004065
2,Full text,0.8963387407467543,0.8743431394979815,0.6270331047703311,0.6943633414436334,0.7492921919929219,0.8266681412666814,0.8566375433163755
3,Translated Title,0.8794385529871097,0.875036397621709,0.6595803599957397,0.7039970786482662,0.7367101319172893,0.8149445399631787,0.8315597279491198
4,Phrases with Keywords (Abstract),0.7891328828828829,0.765015015015015,0.529201076076076,0.5365521771771772,0.6021490240240239,0.6809152902902903,0.629613988988989
5,Phrases with Keywords + O.C (Abstract),0.7561121455712491,0.835257429189942,0.5761549305957201,0.6421582803161752,0.6831562078272605,0.7521658714092925,0.770758024869867
6,Phrases with Keywords (Full text),0.6953401421223204,0.8459622989325961,0.681223680399278,0.6955281745059156,0.749351990077464,0.7917604331454291,0.8133360070705496
7,Phrases with Keywords + O.C (Full text),0.8656191137107169,0.8445868767807035,0.5628600583843552,0.6350116682597501,0.6800012055766531,0.7666993894615378,0.7909336330052443
