,Content Source,Unbalanced Finetuning,Balanced Finetuning,PET 50,PET 100,PET 200,PET 500,PET 1000
0,Title,0.8765886287625418,0.872012627762323,0.6382958027333301,0.6809128933417636,0.6767393366081417,0.7975505811974125,0.8249796337726764
1,Abstract,0.5902273551042361,0.8626164836835152,0.6681918756713839,0.6810517958058941,0.7215654336555974,0.8192868151884547,0.832977207977208
2,Full text,0.9128451285306252,0.8807936572369053,0.6273003760230037,0.7210978397109784,0.8217134852171348,0.8760709282607091,0.8961402344614025
3,Translated Title,0.7039440932530551,0.8615763222903732,0.669704669598162,0.6980113506687157,0.7381495062611262,0.8070264595347137,0.8419944311732575
4,Phrases with Keywords (Abstract),0.8458771271271271,0.7923861361361362,0.546702952952953,0.5551488988988988,0.5948448448448449,0.6282845345345346,0.5828641141141141
5,Phrases with Keywords + O.C (Abstract),0.871099202204157,0.8701152035363399,0.5841195536919221,0.6618152954501639,0.7006819934451514,0.7911861986697513,0.8336526412184307
6,Phrases with Keywords (Full text),0.906776826331282,0.8970690988017721,0.6425658964818075,0.7056995164991868,0.7516989371894566,0.8277519068945285,0.8503969757061265
7,Phrases with Keywords + O.C (Full text),0.7011737018374922,0.8591913396925013,0.5757382004185073,0.6534031706665979,0.7117164828162271,0.7914460030828316,0.8199514324834017
