,Content Source,Unbalanced Finetuning,Balanced Finetuning,PET 50,PET 100,PET 200,PET 500,PET 1000
0,Title,0.8591566905260526,0.8530858829199615,0.6048337924701561,0.6694053259871441,0.711947842056933,0.7765979797979798,0.8087610651974289
1,Abstract,0.8387029826838309,0.8470485493058028,0.6198617926445718,0.6290432449455535,0.6770037777417068,0.7674392793572706,0.8040554882693005
2,Full text,0.8914491892570094,0.8827996586416968,0.6000540102619498,0.6582236922391347,0.7105380634565466,0.7981787676684808,0.8482610821420501
3,Translated Title,0.9007229428690404,0.8825358919772461,0.6360051081730769,0.7177142081176036,0.725785294933432,0.7879169170673077,0.8332996255547338
4,Phrases with Keywords (Abstract),0.6081393893893894,0.7458827565924908,0.568963827075777,0.5795265170081364,0.6357955102440938,0.6537349279482403,0.6291785119105969
5,Phrases with Keywords + O.C (Abstract),0.8598846450792498,0.8340758482130864,0.629043223633358,0.6886217071670776,0.7050569563475719,0.7824459351955813,0.7979573010759362
6,Phrases with Keywords (Full text),0.8706441590104956,0.8517455148816646,0.6377452844096492,0.6838692282027607,0.7087138523133745,0.7558872137863609,0.7912376533391269
7,Phrases with Keywords + O.C (Full text),0.8558486816867168,0.8358513710896787,0.6492708500263272,0.6968008974153521,0.7313110963576841,0.7818401593370116,0.8120455117785766
