,Content Source,Unbalanced Finetuning,Balanced Finetuning,PET 50,PET 100,PET 200,PET 500,PET 1000
0,Title,0.7015847216578626,0.8415908873215238,0.6159103764921947,0.6872962350780532,0.7130989898989899,0.7709267217630854,0.8067056014692379
1,Abstract,0.6134802460041859,0.8534620861516555,0.6103251799040235,0.6079722419918951,0.6609313805058539,0.7305469886972965,0.8168870464941086
2,Full text,0.906106773043626,0.8972214159744328,0.6117103065909053,0.6613186534596093,0.7305962622694231,0.8102995837430688,0.8493570338131009
3,Translated Title,0.8877606930733369,0.8682375290079687,0.6442531608265533,0.700539131841716,0.7470500878328402,0.8201377010909763,0.8420179017196746
4,Phrases with Keywords (Abstract),0.778684934934935,0.7052494853445741,0.5825164199588275,0.5855063229095187,0.6230026467993334,0.6891726301343005,0.637094402509558
5,Phrases with Keywords + O.C (Abstract),0.6425344777994761,0.8442634539878775,0.6324136345427978,0.6861716532856393,0.7000059241371918,0.7765725763226341,0.8180387156470568
6,Phrases with Keywords (Full text),0.679013171587429,0.8277730120660042,0.6445461317028887,0.7002254017271747,0.7133305141952653,0.7480262800567965,0.8006416772061049
7,Phrases with Keywords + O.C (Full text),0.6527579622501627,0.8596752469869791,0.658721183123097,0.6945884938531626,0.720937707470067,0.770983265035141,0.8100428103752203
