,Content Source,Unbalanced Finetuning,Balanced Finetuning,PET 50,PET 100,PET 200,PET 500,PET 1000
0,Title,0.8792423342606195,0.8418022231310843,0.6314240587695134,0.702739393939394,0.6932157943067034,0.7664940312213039,0.7980121212121211
1,Abstract,0.8307025851485494,0.8317433917764329,0.6131650760750886,0.649096629999126,0.7107787031372041,0.7666887254595929,0.7992816325171579
2,Full text,0.902984840545268,0.8754539087418642,0.6236468894104457,0.690148008588104,0.740749955319499,0.8240769244698767,0.8515599596576411
3,Translated Title,0.8925072560420053,0.8780833841456563,0.6729223488350592,0.7144782613720415,0.7333059818786982,0.8121749607063609,0.8302702593380178
4,Phrases with Keywords (Abstract),0.762012012012012,0.7415204391726301,0.5796735614155475,0.5797225762180178,0.6460886187628664,0.6824330947946279,0.6457210077443388
5,Phrases with Keywords + O.C (Abstract),0.7703559047489289,0.8373644986928818,0.5947960686297189,0.6777114211723021,0.6990524201510937,0.7749095863823834,0.7901007667526136
6,Phrases with Keywords (Full text),0.6936230785240687,0.8222661834818485,0.6715439048424516,0.6943052117845143,0.7210294768041837,0.7644241587200595,0.7768755673838657
7,Phrases with Keywords + O.C (Full text),0.8707160744996789,0.8413860997342961,0.5885368924704104,0.6696082965133582,0.7185632197065086,0.7891797348961792,0.8222998557725326
