,Content Source,Unbalanced Finetuning,Balanced Finetuning,PET 50,PET 100,PET 200,PET 500,PET 1000
0,Title,0.895819397993311,0.8507710716245946,0.6268752984389347,0.7038986225895316,0.7113792470156106,0.8093223140495867,0.8345520661157024
1,Abstract,0.5916289592760181,0.8565562144001423,0.6483994889019299,0.6577182884041505,0.7087670522099718,0.7979761404326575,0.8280530964857151
2,Full text,0.9201093414419932,0.9037851493363704,0.6278551233772318,0.7129527788122308,0.8028656931697489,0.867511095329687,0.8882393048265177
3,Translated Title,0.6370554402311915,0.8684757351806546,0.6673504530325445,0.7018869614460059,0.7386900772004438,0.8187682022004439,0.8526575212647929
4,Phrases with Keywords (Abstract),0.8276714214214215,0.8076659151063621,0.5916331732183119,0.5964243701597883,0.6564062346828742,0.6893441819429468,0.6758896186648369
5,Phrases with Keywords + O.C (Abstract),0.8676567207109012,0.8577453657033061,0.6112242652659374,0.6922544727235798,0.7440772733171218,0.8180499997178983,0.8451289487195399
6,Phrases with Keywords (Full text),0.8755872208842506,0.8722808696548652,0.6264538605380157,0.7018606311248361,0.732759289577207,0.8016522994079809,0.8243020693507965
7,Phrases with Keywords + O.C (Full text),0.6675078986728507,0.865145292934631,0.6135436459788008,0.686606533733202,0.7404491655410819,0.8161855268881207,0.8335477667635814
