,Content Source,Unbalanced Finetuning,Balanced Finetuning,PET 50,PET 100,PET 200,PET 500,PET 1000
0,Title,0.4538805363673303,0.8484874285601341,0.6154005509641873,0.6962372819100092,0.735147842056933,0.8247992653810836,0.8354894398530761
1,Abstract,0.848085984542893,0.8626401744393022,0.6254763797497507,0.6629083477964098,0.7405518305329765,0.8192066881150276,0.8415276893345043
2,Full text,0.4119087332924948,0.9057368386182876,0.6090310511766915,0.7000351932756437,0.7804467105309776,0.8666316570993969,0.8884577865712853
3,Translated Title,0.7675561775765603,0.8424168787800248,0.638381506564349,0.7052471454326923,0.7427653476331361,0.8248081545857988,0.84192400147929
4,Phrases with Keywords (Abstract),0.6179617117117118,0.7374031957651211,0.5933731987060091,0.6181501813547692,0.6168267816880698,0.6937800215665131,0.7057151259680423
5,Phrases with Keywords + O.C (Abstract),0.5470563301391222,0.8607752788495662,0.6483135956127533,0.7201896006003126,0.7556857611952087,0.820868196410537,0.8482165526035172
6,Phrases with Keywords (Full text),0.6406598430113282,0.7883206993341619,0.6877526555504689,0.7297138445542788,0.7447917070786229,0.7952180693818328,0.8014001288009869
7,Phrases with Keywords + O.C (Full text),0.850142887315141,0.8527335549977247,0.621537052723152,0.6930921911128408,0.7344154208923789,0.8072937890616056,0.8346118449669193
