,Content Source,Unbalanced Finetuning,Balanced Finetuning,PET 50,PET 100,PET 200,PET 500,PET 1000
0,Title,0.8608758165848779,0.874444409714625,0.6122118330820485,0.6570084139876466,0.6861199601186714,0.760119279217937,0.7933253489616263
1,Abstract,0.8701491926526126,0.8491353607632677,0.6508511979823456,0.6658113819999066,0.6994360375507916,0.7956599411517444,0.8300143617766569
2,Full text,0.8795177610651473,0.8816128877506588,0.596381700213817,0.6461420777114207,0.7193283196932831,0.7999612917496131,0.8512515667625157
3,Translated Title,0.8887406892535435,0.8873442729712044,0.6556030613331709,0.7285151316890586,0.7378025957427384,0.7870517170549123,0.8295482555574153
4,Phrases with Keywords (Abstract),0.5556181181181181,0.7819694694694695,0.5673642392392393,0.5815659409409409,0.6130974724724725,0.6481637887887888,0.601460835835836
5,Phrases with Keywords + O.C (Abstract),0.8548586826528604,0.8354284935737318,0.6173034750337382,0.6559578031617505,0.6930457152496626,0.7476925486793907,0.7699748168498168
6,Phrases with Keywords (Full text),0.8897288377486396,0.8774009157672525,0.633475189946748,0.6904109385560333,0.7217122316050594,0.7762230491002131,0.8190548338940754
7,Phrases with Keywords + O.C (Full text),0.8662398006905143,0.8202658609230132,0.6153650744443583,0.6647721890688643,0.7024938214196527,0.7540968078052478,0.7822190360553534
