,Content Source,Unbalanced Finetuning,Balanced Finetuning,PET 50,PET 100,PET 200,PET 500,PET 1000
0,Title,0.4273731753821148,0.8704185290532304,0.6244999635231749,0.6741342833519772,0.7083495452555809,0.795392369048198,0.8079951121054424
1,Abstract,0.867068294222877,0.8515220339775743,0.6537673392181589,0.6981925178646491,0.7573064079211619,0.8251512073233387,0.8460210289103731
2,Full text,0.4187291963422465,0.8721908142856087,0.6064827103148271,0.7104622871046229,0.7951706849517067,0.8759124087591239,0.8966231659662317
3,Translated Title,0.809232628550138,0.8622807923879658,0.6111589550081402,0.6924486100756204,0.7232475693440652,0.812783956910062,0.8380536494073612
4,Phrases with Keywords (Abstract),0.6374812312312312,0.753347097097097,0.5310935935935936,0.5667855355355356,0.5696634134134133,0.6100788288288288,0.5675988488488488
5,Phrases with Keywords + O.C (Abstract),0.5463962941096326,0.8650771303571159,0.636790293040293,0.6947838345864662,0.7201507374204742,0.7904557065741277,0.837848828802776
6,Phrases with Keywords (Full text),0.6573454642761574,0.8112419350043112,0.6825271272921727,0.7240109029062038,0.7542575551643979,0.8225604004664188,0.8323381089250833
7,Phrases with Keywords + O.C (Full text),0.8448648928237378,0.8464176878547938,0.6135373341255694,0.6784705537902469,0.7181211087860704,0.7769833888759721,0.8130602702213955
