,Content Source,Unbalanced Finetuning,Balanced Finetuning,PET 50,PET 100,PET 200,PET 500,PET 1000
0,Title,0.8757634482543057,0.8432906962070545,0.6054861340679523,0.6644863177226814,0.6860517906336088,0.7341340679522497,0.7842982552800735
1,Abstract,0.8460193856910683,0.8401177020291919,0.6284147774489769,0.6330429619270783,0.68215915349729,0.7049268799571587,0.7792636247729956
2,Full text,0.9022818521990068,0.874550429221785,0.6050361813642551,0.6604344912997027,0.7251031194469224,0.7965584598099877,0.8508844377224675
3,Translated Title,0.8880174332866818,0.8734600869827068,0.610279331545858,0.672127808339497,0.7388735438239644,0.8089476816752958,0.8293500369822485
4,Phrases with Keywords (Abstract),0.7656093593593594,0.7403930987158122,0.5803842760513674,0.5760709734339771,0.6261518478580532,0.630305852367415,0.6113126164101559
5,Phrases with Keywords + O.C (Abstract),0.8587189851189125,0.8402487837224526,0.6402744003926857,0.6758876332225614,0.6942284798663967,0.7622192382123776,0.8019744302954733
6,Phrases with Keywords (Full text),0.8638353700234889,0.8349332508573417,0.6486487535012919,0.6948134325463025,0.7067236442920214,0.7412729572241059,0.78178125557685
7,Phrases with Keywords + O.C (Full text),0.8647354968297551,0.8565479991485739,0.6299892401730729,0.681415718504613,0.70014422746732,0.7519296719397449,0.7916192394862755
