,Content Source,Unbalanced Finetuning,Balanced Finetuning,PET 50,PET 100,PET 200,PET 500,PET 1000
0,Title,0.5292307692307693,0.7376373626373627,0.5887341005451243,0.6209930861093652,0.6845637583892618,0.7258426966292135,0.7576754385964911
1,Abstract,0.4904458598726114,0.7128169979437972,0.5831353919239906,0.5171957671957671,0.6434403919433859,0.7329455314648334,0.7422680412371133
2,Full text,0.5669291338582677,0.7635066258919471,0.5907319185794717,0.669980879541109,0.6776395022079486,0.728704366499642,0.7798201016816582
3,Translated Title,0.5829457364341085,0.7757817697937458,0.6737425011536686,0.7030545818728092,0.6990788126919141,0.7234042553191489,0.7591324200913242
4,Phrases with Keywords (Abstract),0.4451827242524917,0.7019230769230769,0.5586034912718204,0.3894389438943894,0.4691358024691358,0.6768558951965066,0.6283185840707965
5,Phrases with Keywords + O.C (Abstract),0.5329153605015674,0.7414128321451717,0.6531954887218044,0.6891070593735391,0.6927914852443153,0.7383783783783784,0.7524644030668126
6,Phrases with Keywords (Full text),0.5293185419968305,0.7533834586466166,0.5768947755702722,0.6666666666666666,0.6717752234993615,0.7007397444519167,0.7259552042160737
7,Phrases with Keywords + O.C (Full text),0.5853658536585366,0.6875,0.6558013193636011,0.6845906902086677,0.6973084886128365,0.7308707124010554,0.7516087516087516
