,Content Source,Unbalanced Finetuning,Balanced Finetuning,PET 50,PET 100,PET 200,PET 500,PET 1000
0,Title,0.8581122763726095,0.7780517879161529,0.54,0.6424242424242425,0.6448484848484849,0.7418181818181818,0.743030303030303
1,Abstract,0.8714622641509434,0.7906839622641509,0.582449941107185,0.607773851590106,0.6478209658421673,0.7385159010600707,0.7491166077738516
2,Full text,0.8783303730017762,0.8405861456483126,0.5678793256433008,0.5856255545696539,0.691659272404614,0.7475598935226264,0.7999112688553682
3,Translated Title,0.8090575275397797,0.7882496940024479,0.546875,0.6219951923076923,0.6292067307692307,0.7385817307692307,0.7578125
4,Phrases with Keywords (Abstract),0.0,0.7351485148514851,0.5618811881188119,0.599009900990099,0.594059405940594,0.6237623762376238,0.5123762376237624
5,Phrases with Keywords + O.C (Abstract),0.8650416171224733,0.8032104637336505,0.581353919239905,0.5902612826603325,0.6775534441805225,0.7363420427553444,0.7695961995249406
6,Phrases with Keywords (Full text),0.592747559274756,0.7112970711297071,0.6176880222841226,0.6434540389972145,0.6427576601671309,0.6928969359331476,0.7123955431754875
7,Phrases with Keywords + O.C (Full text),0.7805462386200287,0.7447318007662835,0.5559808612440191,0.6267942583732058,0.6645933014354067,0.6947368421052632,0.7555023923444976
