,Content Source,Unbalanced Finetuning,Balanced Finetuning,PET 50,PET 100,PET 200,PET 500,PET 1000
0,Title,0.8871067242442936,0.7651048088779285,0.5909090909090909,0.6575757575757576,0.6436363636363637,0.7115151515151515,0.7509090909090909
1,Abstract,0.8620283018867925,0.777122641509434,0.6042402826855123,0.5959952885747939,0.6425206124852768,0.7055359246171967,0.748527679623086
2,Full text,0.9138543516873888,0.8188277087033747,0.5798580301685892,0.6499556344276841,0.6814551907719609,0.7759538598047915,0.8105590062111802
3,Translated Title,0.8610771113831089,0.7906976744186046,0.6189903846153846,0.6286057692307693,0.6466346153846154,0.7379807692307693,0.7692307692307693
4,Phrases with Keywords (Abstract),0.7079207920792079,0.7475247524752475,0.5371287128712872,0.599009900990099,0.599009900990099,0.6311881188118812,0.6039603960396039
5,Phrases with Keywords + O.C (Abstract),0.8353151010701546,0.7782401902497027,0.5807600950118765,0.5997624703087886,0.6585510688836105,0.732185273159145,0.7707838479809976
6,Phrases with Keywords (Full text),0.8535564853556485,0.7907949790794979,0.552924791086351,0.6371866295264624,0.6469359331476323,0.7144846796657381,0.7472144846796658
7,Phrases with Keywords + O.C (Full text),0.8787733588883565,0.7653256704980843,0.5760765550239234,0.6296650717703349,0.6727272727272727,0.7397129186602871,0.762200956937799
