,Content Source,Unbalanced Finetuning,Balanced Finetuning,PET 50,PET 100,PET 200,PET 500,PET 1000
0,Title,0.7913043478260869,0.6115906288532675,0.4763636363636364,0.3442424242424242,0.6678787878787878,0.7272727272727273,0.7539393939393939
1,Abstract,0.6794871794871795,0.6485849056603774,0.6431095406360424,0.2838633686690224,0.6113074204946997,0.6772673733804476,0.7620730270906949
2,Full text,0.8102189781021898,0.6642984014209592,0.5164152617568767,0.738243123336291,0.7613132209405501,0.8686779059449867,0.8598047914818101
3,Translated Title,0.7841409691629956,0.6780905752753978,0.8978365384615384,0.828125,0.8125,0.7451923076923077,0.7439903846153846
4,Phrases with Keywords (Abstract),0.75,0.7227722772277227,0.4603960396039604,0.4702970297029702,0.4108910891089108,0.6336633663366337,0.6831683168316832
5,Phrases with Keywords + O.C (Abstract),0.7709251101321586,0.6456599286563615,0.7327790973871734,0.8444180522565321,0.7280285035629454,0.8135391923990499,0.834916864608076
6,Phrases with Keywords (Full text),0.7387387387387387,0.6080892608089261,0.5,0.6838440111420613,0.8133704735376045,0.7437325905292479,0.7144846796657381
7,Phrases with Keywords + O.C (Full text),0.7509881422924901,0.6772030651340997,0.7636363636363637,0.7358851674641148,0.7368421052631579,0.7751196172248804,0.7732057416267942
