,Content Source,Unbalanced Finetuning,Balanced Finetuning,PET 50,PET 100,PET 200,PET 500,PET 1000
0,Title,0.7478260869565218,0.6621454993834772,0.5890909090909091,0.5987878787878788,0.7418181818181818,0.7830303030303031,0.8375757575757575
1,Abstract,0.6581196581196581,0.6132075471698113,0.5783274440518257,0.4605418138987043,0.696113074204947,0.8162544169611308,0.7632508833922261
2,Full text,0.7883211678832117,0.6651865008880995,0.6051464063886424,0.7772848269742679,0.748890860692103,0.9032830523513752,0.8846495119787046
3,Translated Title,0.8281938325991189,0.7135862913096696,0.8774038461538461,0.84375,0.8209134615384616,0.7560096153846154,0.7992788461538461
4,Phrases with Keywords (Abstract),0.6203703703703703,0.7227722772277227,0.5544554455445545,0.292079207920792,0.3762376237623762,0.7673267326732673,0.7029702970297029
5,Phrases with Keywords + O.C (Abstract),0.748898678414097,0.6801426872770512,0.8254156769596199,0.8752969121140143,0.850356294536817,0.8111638954869359,0.815914489311164
6,Phrases with Keywords (Full text),0.7522522522522522,0.698744769874477,0.5459610027855153,0.7883008356545961,0.7325905292479109,0.7256267409470752,0.7674094707520891
7,Phrases with Keywords + O.C (Full text),0.5217391304347826,0.5795019157088123,0.8086124401913876,0.816267942583732,0.8057416267942584,0.7952153110047847,0.8382775119617225
