,Content Source,Unbalanced Finetuning,Balanced Finetuning,PET 50,PET 100,PET 200,PET 500,PET 1000
0,Title,0.5333333333333333,0.7844776119402986,0.6752175904718277,0.6865671641791045,0.6810176125244618,0.7313432835820896,0.7498677948175568
1,Abstract,0.4547677261613692,0.7567893783946892,0.2944896115627823,0.5696361355081557,0.647985989492119,0.7191011235955057,0.7360881542699723
2,Full text,0.5692695214105794,0.7909875359539789,0.6313253012048193,0.6745607333842628,0.7109190887666929,0.7462235649546828,0.7781731909845789
3,Translated Title,0.5928449744463372,0.7845744680851063,0.6761827079934747,0.702275894101254,0.7034548944337812,0.7498619547211487,0.766685052399338
4,Phrases with Keywords (Abstract),0.5827814569536424,0.7012448132780082,0.575609756097561,0.4276315789473683,0.598503740648379,0.6652719665271968,0.6666666666666667
5,Phrases with Keywords + O.C (Abstract),0.4427244582043343,0.7566235366605053,0.6438775510204081,0.6820710312366283,0.6864365580943121,0.7337986041874377,0.7414066631411951
6,Phrases with Keywords (Full text),0.0,0.7503429355281207,0.5867074102368219,0.663594470046083,0.700792199878123,0.7176974892835274,0.7428222357971901
7,Phrases with Keywords + O.C (Full text),0.5291479820627804,0.7542457542457542,0.599134199134199,0.6424778761061947,0.6812801402893468,0.7366652666946661,0.7557885539536916
