,Content Source,Unbalanced Finetuning,Balanced Finetuning,PET 50,PET 100,PET 200,PET 500,PET 1000
0,Title,0.8272671190623072,0.7583230579531443,0.5751515151515152,0.5969696969696969,0.6266666666666667,0.6715151515151515,0.7042424242424242
1,Abstract,0.8349056603773585,0.75,0.5806831566548881,0.5671378091872792,0.6319199057714959,0.6419316843345112,0.6996466431095406
2,Full text,0.8472468916518651,0.7837477797513321,0.5811889973380656,0.6153504880212954,0.6597160603371783,0.6992014196983141,0.7732919254658385
3,Translated Title,0.8555691554467564,0.780905752753978,0.5552884615384616,0.5997596153846154,0.6508413461538461,0.7301682692307693,0.7451923076923077
4,Phrases with Keywords (Abstract),0.6658415841584159,0.6856435643564357,0.5495049504950495,0.5767326732673267,0.5792079207920792,0.5965346534653465,0.5792079207920792
5,Phrases with Keywords + O.C (Abstract),0.807372175980975,0.7574316290130797,0.5956057007125891,0.5997624703087886,0.6472684085510689,0.6953681710213777,0.7309976247030879
6,Phrases with Keywords (Full text),0.799163179916318,0.7531380753138075,0.6065459610027855,0.6399721448467967,0.6323119777158774,0.6552924791086351,0.7061281337047354
7,Phrases with Keywords + O.C (Full text),0.8145663632007667,0.7691570881226054,0.5473684210526316,0.6138755980861244,0.6406698564593302,0.6784688995215311,0.7119617224880382
