,Content Source,Unbalanced Finetuning,Balanced Finetuning,PET 50,PET 100,PET 200,PET 500,PET 1000
0,Title,0.0,0.7744733581164808,0.5916149068322981,0.7827380952380952,0.6938461538461539,0.6390197926484449,0.7027322404371584
1,Abstract,0.0,0.7816091954022989,0.6237113402061856,0.5991189427312775,0.6493506493506493,0.645021645021645,0.7086294416243655
2,Full text,0.6529850746268657,0.8614931237721022,0.6359712230215827,0.5766233766233766,0.5966748768472906,0.6431774503523382,0.7039426523297491
3,Translated Title,0.5130718954248366,0.8319209039548022,0.5216836734693877,0.6291793313069909,0.6641137855579868,0.6967871485943775,0.7456709956709957
4,Phrases with Keywords (Abstract),0.4850299401197604,0.6334841628959276,0.6436781609195402,0.5789473684210527,0.5775401069518716,0.5789473684210527,0.5
5,Phrases with Keywords + O.C (Abstract),0.0,0.8323863636363636,0.6017478152309613,0.589765100671141,0.6172839506172839,0.6743256743256744,0.7044088176352705
6,Phrases with Keywords (Full text),0.0,0.737467018469657,0.6440329218106996,0.6078431372549019,0.6221959858323495,0.6601815823605707,0.7094240837696335
7,Phrases with Keywords + O.C (Full text),0.0,0.8066298342541437,0.5857142857142857,0.6566523605150214,0.654320987654321,0.6785095320623917,0.6924959216965743
