,Content Source,Unbalanced Finetuning,Balanced Finetuning,PET 50,PET 100,PET 200,PET 500,PET 1000
0,Title,0.6417910447761194,0.6904088454615582,0.5889481337857488,0.6074766355140188,0.7178043631245602,0.7591069330199764,0.8036752733193765
1,Abstract,0.5789473684210525,0.6495128653509867,0.5802410777593949,0.4816457255481646,0.6740419708029197,0.7807570977917981,0.7547169811320754
2,Full text,0.6818181818181819,0.7013108614232211,0.5992970123022847,0.7304869913275517,0.7186648501362397,0.8242914979757084,0.8395082519366791
3,Translated Title,0.7088989441930619,0.7372281234193222,0.7827578811923654,0.7812152236812819,0.7674157303370787,0.7426210153482881,0.7827212806026365
4,Phrases with Keywords (Abstract),0.5359999999999999,0.7142857142857143,0.5561072492552135,0.3245324532453245,0.4086021505376344,0.7283834586466165,0.6710775047258979
5,Phrases with Keywords + O.C (Abstract),0.6444275966641395,0.7033939990162321,0.7466695315857326,0.789924973204716,0.7794469845416937,0.7803930530164535,0.7892922794117647
6,Phrases with Keywords (Full text),0.643793369313801,0.7196207986210859,0.5579276971249644,0.7346832814122534,0.706989247311828,0.7154627849491899,0.750272331154684
7,Phrases with Keywords + O.C (Full text),0.5454545454545454,0.6183565004088307,0.739670868347339,0.7579527279189622,0.7585585585585586,0.7681641708264004,0.8013172338090012
