,Content Source,Unbalanced Finetuning,Balanced Finetuning,PET 50,PET 100,PET 200,PET 500,PET 1000
0,Title,0.6026200873362445,0.8401898734177216,0.6074498567335244,0.6497695852534562,0.6312292358803987,0.6635426429240863,0.705765407554672
1,Abstract,0.0,0.8376436781609196,0.6355283307810107,0.6320907617504052,0.6257796257796258,0.671583087512291,0.7175257731958763
2,Full text,0.66,0.893640350877193,0.5653120464441219,0.6148097826086957,0.62477120195241,0.727007299270073,0.7956081081081081
3,Translated Title,0.0,0.8231292517006803,0.6004056795131846,0.5864297253634895,0.6048109965635738,0.6995967741935484,0.7285714285714285
4,Phrases with Keywords (Abstract),0.4742268041237113,0.7314814814814815,0.6415094339622641,0.6111111111111112,0.6136363636363636,0.603112840466926,0.5695364238410596
5,Phrases with Keywords + O.C (Abstract),0.4358974358974359,0.8622291021671826,0.56841046277666,0.5636363636363636,0.60880195599022,0.6968781470292045,0.7384937238493724
6,Phrases with Keywords (Full text),0.5218978102189781,0.8183206106870229,0.6067415730337079,0.6115515288788222,0.6064581231079718,0.6794871794871795,0.7125748502994012
7,Phrases with Keywords + O.C (Full text),0.0,0.8488664987405542,0.5606407322654462,0.6120760959470637,0.6598759964570416,0.7075393537696769,0.7220421393841167
