,Content Source,Unbalanced Finetuning,Balanced Finetuning,PET 50,PET 100,PET 200,PET 500,PET 1000
0,Title,0.0,0.7706535141800247,0.4618181818181818,0.3187878787878788,0.5466666666666666,0.8218181818181818,0.7793939393939394
1,Abstract,0.0,0.8018867924528302,0.2850412249705536,0.32037691401649,0.4711425206124853,0.702002355712603,0.8221436984687868
2,Full text,0.6386861313868614,0.7788632326820604,0.3921916592724046,0.7879325643300799,0.8598047914818101,0.8908606921029282,0.8713398402839396
3,Translated Title,0.6916299559471366,0.7209302325581395,0.9831730769230768,0.7463942307692307,0.7295673076923077,0.8341346153846154,0.828125
4,Phrases with Keywords (Abstract),0.75,0.693069306930693,0.2772277227722772,0.5445544554455446,0.5346534653465347,0.8168316831683168,0.99009900990099
5,Phrases with Keywords + O.C (Abstract),0.0,0.6967895362663495,0.5724465558194775,0.834916864608076,0.7719714964370546,0.8016627078384798,0.834916864608076
6,Phrases with Keywords (Full text),0.0,0.7796373779637378,0.435933147632312,0.733983286908078,0.733983286908078,0.7089136490250696,0.754874651810585
7,Phrases with Keywords + O.C (Full text),0.0,0.6992337164750958,0.7062200956937799,0.5856459330143541,0.7100478468899522,0.7492822966507177,0.8124401913875599
