,Content Source,Unbalanced Finetuning,Balanced Finetuning,PET 50,PET 100,PET 200,PET 500,PET 1000
0,Title,0.0,0.8442748091603054,0.632,0.6500638569604087,0.6253934942287513,0.7058823529411765,0.6922339405560882
1,Abstract,0.5388349514563107,0.8213820078226858,0.5933333333333334,0.6013289036544851,0.6207892204042348,0.7089783281733746,0.703953712632594
2,Full text,0.0,0.8451845184518452,0.56,0.54981930820857,0.6436170212765957,0.686,0.7552870090634441
3,Translated Title,0.3700305810397553,0.7773851590106007,0.5254237288135594,0.5796078431372549,0.5837879968823071,0.7109458023379384,0.729903536977492
4,Phrases with Keywords (Abstract),0.0,0.7168949771689498,0.6068376068376068,0.6041666666666666,0.6144578313253012,0.5850340136054422,0.5063613231552163
5,Phrases with Keywords + O.C (Abstract),0.0,0.8269230769230769,0.5542359461599367,0.5536723163841808,0.6350496838301717,0.6950980392156862,0.7399577167019028
6,Phrases with Keywords (Full text),0.2274096385542168,0.690566037735849,0.7117794486215538,0.6144444444444445,0.5975261655566128,0.6481283422459893,0.6730987514188422
7,Phrases with Keywords + O.C (Full text),0.3235800344234079,0.8485675306957708,0.5424836601307189,0.6060848678943155,0.6233859397417504,0.6402481047553411,0.7228714524207012
