,Content Source,Unbalanced Finetuning,Balanced Finetuning,PET 50,PET 100,PET 200,PET 500,PET 1000
0,Title,0.68215892053973,0.6497249148545978,0.4959616355376072,0.3829557713052858,0.6570474600524684,0.7114062129475931,0.739244116947944
1,Abstract,0.6115384615384616,0.6760078662733531,0.6274419673638244,0.3201381509032944,0.6163895486935866,0.6678281068524972,0.743507239715008
2,Full text,0.68944099378882,0.6976310389852639,0.530151211513937,0.7036535859269283,0.7315825375170532,0.8135283363802559,0.8310463121783876
3,Translated Title,0.6991358994501179,0.7071738575440389,0.7896405919661733,0.7588105726872246,0.7631519530368027,0.7407407407407407,0.7443482443482443
4,Phrases with Keywords (Abstract),0.6521739130434783,0.7121951219512196,0.4774127310061601,0.4912099276111685,0.440552016985138,0.624390243902439,0.6558935361216731
5,Phrases with Keywords + O.C (Abstract),0.6457564575645757,0.6758775205377147,0.6946633641071831,0.7691475551709217,0.7052462034054303,0.7768201406214561,0.8015963511972634
6,Phrases with Keywords (Full text),0.639625585023401,0.6455433816997336,0.5222577829502474,0.6720503695592663,0.7584415584415584,0.718321226795803,0.7121043864519712
7,Phrases with Keywords + O.C (Full text),0.6225425950196591,0.703062848050915,0.7028360049321826,0.7016423357664233,0.7095466273497972,0.7462686567164178,0.7547169811320755
