,Content Source,Unbalanced Finetuning,Balanced Finetuning,PET 50,PET 100,PET 200,PET 500,PET 1000
0,Title,0.4396135265700483,0.8656195462478184,0.5936555891238671,0.696078431372549,0.6170212765957447,0.6543075245365322,0.6857772877618522
1,Abstract,0.4368131868131868,0.8136094674556213,0.5717277486910994,0.654891304347826,0.6375921375921376,0.6325632563256326,0.6774869109947644
2,Full text,0.4319066147859922,0.8728121353558926,0.5932721712538226,0.5925925925925926,0.6327433628318584,0.6487740225314778,0.7329803328290468
3,Translated Title,0.4876712328767123,0.8536209553158706,0.5328102710413695,0.5684818481848185,0.6139872842870118,0.7234539089848308,0.7457831325301205
4,Phrases with Keywords (Abstract),0.4285714285714285,0.6728110599078341,0.5602409638554217,0.5974842767295597,0.6194029850746269,0.5898617511520737,0.5655737704918032
5,Phrases with Keywords + O.C (Abstract),0.3914988814317673,0.8315467075038285,0.5750232991612302,0.5669856459330144,0.6267893660531697,0.6580211335254563,0.6912487708947886
6,Phrases with Keywords (Full text),0.416243654822335,0.8565815324165029,0.6353982300884956,0.6286811779769527,0.5971370143149284,0.6319526627218935,0.7027397260273973
7,Phrases with Keywords + O.C (Full text),0.3696498054474708,0.82981220657277,0.533066132264529,0.5915384615384616,0.6179775280898876,0.6495589414595028,0.6888320545609549
