,Content Source,Unbalanced Finetuning,Balanced Finetuning,PET 50,PET 100,PET 200,PET 500,PET 1000
0,Title,0.0,0.7091561938958708,0.2225352112676056,0.6233161890766593,0.7006818716200328,0.8011243851018975,0.8312226571494358
1,Abstract,0.4859894921190892,0.7573936042317866,0.5366618427399904,0.6315422191207257,0.7271702367531002,0.7869415807560137,0.8233701782088879
2,Full text,0.0,0.8361531611754228,0.6173266470689953,0.82622187742436,0.8050565535595474,0.856358189081225,0.8573388203017833
3,Translated Title,0.4898785425101215,0.8015545299975712,0.8288770053475936,0.8027373452096459,0.8121882454998915,0.7835558678847505,0.7991081905655949
4,Phrases with Keywords (Abstract),0.0,0.7643622200584226,0.3837837837837837,0.58,0.5236139630390144,0.780399274047187,0.8284762697751874
5,Phrases with Keywords + O.C (Abstract),0.0,0.7782335907335908,0.7557762902180954,0.8193979933110368,0.7854748603351955,0.8078851412944394,0.8113120074177098
6,Phrases with Keywords (Full text),0.4864690721649484,0.7493857493857494,0.4341180067257719,0.733032873806999,0.8004078511343359,0.7959022852639873,0.7900346389555023
7,Phrases with Keywords + O.C (Full text),0.5900816070307596,0.6335302505601955,0.6721252474356667,0.6971818014367287,0.7795120200932903,0.8248978866986326,0.805132019338044
