,Content Source,Unbalanced Finetuning,Balanced Finetuning,PET 50,PET 100,PET 200,PET 500,PET 1000
0,Title,0.81122763726095,0.7644882860665845,0.5884848484848485,0.6345454545454545,0.6581818181818182,0.7042424242424242,0.7321212121212122
1,Abstract,0.8113207547169812,0.7529481132075472,0.5865724381625441,0.5700824499411072,0.6142520612485277,0.7025912838633687,0.734982332155477
2,Full text,0.8534635879218473,0.7939609236234458,0.5807453416149069,0.6171251109139307,0.6437444543034605,0.6637089618456078,0.7502218278615794
3,Translated Title,0.8353733170134638,0.7937576499388005,0.5751201923076923,0.6436298076923077,0.6466346153846154,0.7109375,0.7463942307692307
4,Phrases with Keywords (Abstract),0.5866336633663366,0.693069306930693,0.5618811881188119,0.5420792079207921,0.5742574257425742,0.6336633663366337,0.5841584158415841
5,Phrases with Keywords + O.C (Abstract),0.8228299643281808,0.762782401902497,0.5617577197149644,0.6051068883610451,0.6229216152019003,0.7125890736342043,0.7315914489311164
6,Phrases with Keywords (Full text),0.7928870292887029,0.7712691771269177,0.5995821727019499,0.6058495821727019,0.6420612813370473,0.6901114206128134,0.7103064066852368
7,Phrases with Keywords + O.C (Full text),0.9103977000479156,0.7365900383141762,0.5755980861244019,0.6239234449760765,0.6502392344497607,0.707177033492823,0.7229665071770335
