,Content Source,Unbalanced Finetuning,Balanced Finetuning,PET 50,PET 100,PET 200,PET 500,PET 1000
0,Title,0.782608695652174,0.8101109741060419,0.8933333333333333,0.7806060606060606,0.8436363636363636,0.8909090909090909,0.8593939393939394
1,Abstract,0.3974358974358974,0.7393867924528302,0.1919905771495877,0.5347467608951708,0.6537102473498233,0.7538280329799765,0.7868080094228505
2,Full text,0.8248175182481752,0.7326820603907638,0.6974267968056788,0.7834960070984915,0.80301685891748,0.8766637089618456,0.8731144631765749
3,Translated Title,0.7665198237885462,0.7221542227662179,0.9963942307692308,0.908653846153846,0.8810096153846154,0.8161057692307693,0.8353365384615384
4,Phrases with Keywords (Abstract),0.8148148148148148,0.8366336633663366,0.5841584158415841,0.3217821782178218,0.594059405940594,0.7871287128712872,0.7772277227722773
5,Phrases with Keywords + O.C (Abstract),0.6299559471365639,0.7300832342449465,0.7494061757719715,0.9465558194774348,0.838479809976247,0.8741092636579573,0.832541567695962
6,Phrases with Keywords (Full text),0.0,0.7629009762900977,0.5348189415041783,0.7019498607242339,0.8008356545961003,0.8161559888579387,0.8467966573816156
7,Phrases with Keywords + O.C (Full text),0.6996047430830039,0.7231800766283525,0.662200956937799,0.6947368421052632,0.7435406698564593,0.8392344497607656,0.8277511961722488
