,Content Source,Unbalanced Finetuning,Balanced Finetuning,PET 50,PET 100,PET 200,PET 500,PET 1000
0,Title,0.4044943820224719,0.7604166666666666,0.5427098674521355,0.6127497621313035,0.5709598031173093,0.620253164556962,0.6651031894934334
1,Abstract,0.5314285714285715,0.7750309023485785,0.6317829457364341,0.6093959731543624,0.6423611111111112,0.6874328678839957,0.6915113871635611
2,Full text,0.4346153846153846,0.859375,0.5766691122523845,0.5922199865861838,0.6377730796335448,0.6495726495726496,0.7018544935805991
3,Translated Title,0.4833333333333333,0.858806404657933,0.5117283950617284,0.5722937168811506,0.5854632587859425,0.693564862104188,0.7084607543323139
4,Phrases with Keywords (Abstract),0.4536082474226804,0.6035714285714285,0.5673076923076923,0.6372549019607843,0.6030150753768844,0.5760869565217391,0.5836431226765799
5,Phrases with Keywords + O.C (Abstract),0.3412887828162291,0.7851662404092071,0.5644007155635062,0.5331103678929766,0.5810699588477366,0.6323024054982818,0.6682554814108675
6,Phrases with Keywords (Full text),0.0,0.738191632928475,0.649746192893401,0.6292134831460674,0.6229685807150596,0.6404371584699453,0.661588683351469
7,Phrases with Keywords + O.C (Full text),0.4254807692307692,0.7881002087682673,0.5470355731225296,0.5975308641975309,0.6286407766990292,0.656437125748503,0.6953376205787781
