,Content Source,Unbalanced Finetuning,Balanced Finetuning,PET 50,PET 100,PET 200,PET 500,PET 1000
0,Title,0.4095238095238095,0.8325581395348837,0.5883777239709443,0.6449086161879896,0.6355140186915887,0.6764397905759162,0.6916916916916916
1,Abstract,0.3908629441624365,0.851063829787234,0.5880239520958084,0.5897435897435898,0.5981781376518218,0.6650671785028791,0.7224080267558528
2,Full text,0.4426229508196721,0.895933014354067,0.5769881556683587,0.5887096774193549,0.6187683284457478,0.6106778644271146,0.6972027972027972
3,Translated Title,0.4497607655502392,0.8498542274052479,0.5468164794007491,0.6025751072961374,0.6087344028520499,0.6934950385887542,0.7228260869565217
4,Phrases with Keywords (Abstract),0.3471502590673575,0.6822429906542056,0.5628140703517588,0.5841584158415841,0.6229508196721312,0.60546875,0.568
5,Phrases with Keywords + O.C (Abstract),0.413625304136253,0.8148148148148148,0.5404354587869362,0.5682343870470317,0.5844897959183674,0.6775793650793651,0.698170731707317
6,Phrases with Keywords (Full text),0.4083129584352078,0.8172920065252854,0.6115444617784711,0.5775510204081633,0.6202830188679245,0.6775032509752926,0.68875
7,Phrases with Keywords + O.C (Full text),0.6666666666666666,0.8449720670391061,0.5515665796344648,0.5894955079474775,0.6145985401459854,0.676159479251424,0.6811819595645412
