,Content Source,Unbalanced Finetuning,Balanced Finetuning,PET 50,PET 100,PET 200,PET 500,PET 1000
0,Title,0.0,0.7725587144622992,0.518720217835262,0.4530577088716623,0.6115254237288135,0.71898197242842,0.7390804597701148
1,Abstract,0.0,0.7916181606519209,0.391269199676637,0.417498081350729,0.5460750853242321,0.6723068245910886,0.7611777535441657
2,Full text,0.6457564575645757,0.8180970149253731,0.4851811196487377,0.6659167604049493,0.7044711014176661,0.7470238095238094,0.7787470261697066
3,Translated Title,0.5891181988742964,0.7724590163934425,0.6816666666666666,0.6827927432655305,0.695303550973654,0.7592997811816192,0.7847380410022778
4,Phrases with Keywords (Abstract),0.5890909090909091,0.6619385342789598,0.3875432525951557,0.5612244897959184,0.5552699228791773,0.6776180698151951,0.6644518272425249
5,Phrases with Keywords + O.C (Abstract),0.0,0.7585760517799351,0.5867315885575167,0.6912487708947885,0.6860158311345647,0.7325013564839934,0.7641304347826087
6,Phrases with Keywords (Full text),0.0,0.7579661016949152,0.5199335548172759,0.6649842271293375,0.6734824281150159,0.6836803223640027,0.7314439946018894
7,Phrases with Keywords + O.C (Full text),0.0,0.7491021036428938,0.6403470715835142,0.6191198786039454,0.6810463515374026,0.7121418826739427,0.7476882430647293
