,Content Source,Unbalanced Finetuning,Balanced Finetuning,PET 50,PET 100,PET 200,PET 500,PET 1000
0,Title,0.6013071895424836,0.735966735966736,0.556795797767564,0.6662728883638511,0.6597222222222223,0.7484143763213531,0.7755324959038777
1,Abstract,0.0,0.755181347150259,0.5525965379494008,0.5320600272851297,0.6648260629486472,0.7320471596998928,0.7652556349642661
2,Full text,0.6297709923664122,0.7998037291462217,0.6219560878243513,0.6964217006540978,0.7404193781634129,0.7977573087705248,0.8152315015144959
3,Translated Title,0.0,0.779639175257732,0.6512651265126513,0.7014492753623188,0.7054108216432865,0.7609649122807017,0.7880794701986755
4,Phrases with Keywords (Abstract),0.609271523178808,0.7559808612440192,0.2666666666666666,0.5759162303664922,0.5714285714285714,0.6753812636165578,0.6825396825396826
5,Phrases with Keywords + O.C (Abstract),0.5510534846029174,0.7491593813046401,0.6154684095860566,0.6882516188714154,0.7220879652005799,0.754223433242507,0.7853170189099
6,Phrases with Keywords (Full text),0.5766129032258065,0.7813411078717202,0.4022346368715084,0.674578388507183,0.7033352837916911,0.7398477157360406,0.7662588538312943
7,Phrases with Keywords + O.C (Full text),0.0,0.7334058759521219,0.6239388794567062,0.6566104702750665,0.6853725850965962,0.7584369449378331,0.7819218955682316
