,Content Source,Unbalanced Finetuning,Balanced Finetuning,PET 50,PET 100,PET 200,PET 500,PET 1000
0,Title,0.6005221932114881,0.684984520123839,0.5302651325662832,0.6765834932821497,0.6780870806566738,0.8106251431188458,0.8244310264746866
1,Abstract,0.0,0.7130626223091976,0.5124722153618176,0.4859207575380015,0.6906837999082149,0.7738499886698391,0.7970682546953735
2,Full text,0.6129271916790491,0.7524002954209748,0.661739721372749,0.7566889632107022,0.8329266308768505,0.8472269479414768,0.8274771609276176
3,Translated Title,0.0,0.7556832375718213,0.6861381548446917,0.795006570302234,0.7836153161175422,0.8032407407407408,0.8286908077994428
4,Phrases with Keywords (Abstract),0.7348242811501599,0.771484375,0.197444831591173,0.5566801619433199,0.5487804878048781,0.727699530516432,0.7747747747747747
5,Phrases with Keywords + O.C (Abstract),0.654853620955316,0.6945137157107232,0.6476386978450251,0.7935153583617747,0.8128400435255712,0.7933960100894291,0.8163737280296023
6,Phrases with Keywords (Full text),0.6153184165232358,0.760715299460687,0.3345724907063197,0.7190412782956057,0.7778928294071964,0.7815013404825738,0.8025357431885621
7,Phrases with Keywords + O.C (Full text),0.0,0.6780684104627767,0.6692769987251868,0.6865837817776953,0.7016387266905256,0.7926489697419713,0.8228666420391578
