,Content Source,Unbalanced Finetuning,Balanced Finetuning,PET 50,PET 100,PET 200,PET 500,PET 1000
0,Title,0.8056755089450957,0.7774352651048089,0.5703030303030303,0.6436363636363637,0.6048484848484849,0.6727272727272727,0.7133333333333334
1,Abstract,0.8685141509433962,0.7623820754716981,0.5400471142520612,0.5959952885747939,0.6448763250883393,0.7055359246171967,0.7179034157832744
2,Full text,0.8481349911190054,0.8063943161634103,0.5927240461401952,0.6220053238686779,0.673469387755102,0.7018633540372671,0.751109139307897
3,Translated Title,0.8537331701346389,0.8017135862913096,0.5228365384615384,0.6147836538461539,0.6286057692307693,0.7277644230769231,0.7457932692307693
4,Phrases with Keywords (Abstract),0.6881188118811881,0.6435643564356436,0.5693069306930693,0.5693069306930693,0.6014851485148515,0.6039603960396039,0.6113861386138614
5,Phrases with Keywords + O.C (Abstract),0.7859690844233056,0.7651605231866825,0.5855106888361045,0.5587885985748219,0.6169833729216152,0.6828978622327792,0.7096199524940617
6,Phrases with Keywords (Full text),0.8451882845188284,0.7461645746164575,0.6232590529247911,0.6441504178272981,0.6580779944289693,0.6789693593314763,0.7068245125348189
7,Phrases with Keywords + O.C (Full text),0.8490656444657403,0.764367816091954,0.5569377990430622,0.6133971291866028,0.6521531100478469,0.7,0.7325358851674642
