,Content Source,Unbalanced Finetuning,Balanced Finetuning,PET 50,PET 100,PET 200,PET 500,PET 1000
0,Title,0.6,0.654747225647349,0.5139393939393939,0.6836363636363636,0.6909090909090909,0.8581818181818182,0.8606060606060606
1,Abstract,0.0,0.6875,0.4888103651354534,0.4593639575971731,0.7090694935217904,0.8044758539458187,0.8197879858657244
2,Full text,0.6021897810218978,0.7238010657193605,0.6912156166814551,0.80301685891748,0.9086069210292812,0.8837622005323869,0.8358473824312334
3,Translated Title,0.0,0.7405140758873929,0.7115384615384616,0.8725961538461539,0.8461538461538461,0.8341346153846154,0.8581730769230769
4,Phrases with Keywords (Abstract),0.8518518518518519,0.7821782178217822,0.1683168316831683,0.5445544554455446,0.5346534653465347,0.7673267326732673,0.8514851485148515
5,Phrases with Keywords + O.C (Abstract),0.748898678414097,0.6623067776456599,0.671021377672209,0.8836104513064132,0.8871733966745843,0.8218527315914489,0.838479809976247
6,Phrases with Keywords (Full text),0.6441441441441441,0.7475592747559274,0.3008356545961003,0.7520891364902507,0.8370473537604457,0.8119777158774373,0.8286908077994429
7,Phrases with Keywords + O.C (Full text),0.0,0.6455938697318008,0.7033492822966507,0.7081339712918661,0.7129186602870813,0.8172248803827751,0.8526315789473684
