,Content Source,Unbalanced Finetuning,Balanced Finetuning,PET 50,PET 100,PET 200,PET 500,PET 1000
0,Title,0.0,0.7714144655640583,0.4830121703853955,0.3616611661166117,0.5708860759493671,0.7773446457234578,0.7627520759193357
1,Abstract,0.0,0.7977475363679024,0.3197674418604651,0.3532467532467533,0.4985044865403789,0.6898148148148148,0.7966217758502625
2,Full text,0.6414956011730206,0.7940963419051068,0.4247549490678454,0.734126984126984,0.7901174168297456,0.827154391168232,0.8317804506183296
3,Translated Title,0.6466227347611203,0.7406941649899397,0.835375816993464,0.7195828505214368,0.7154644035832155,0.8024976873265495,0.8102069614299154
4,Phrases with Keywords (Abstract),0.6761268781302171,0.6802721088435374,0.3128491620111732,0.5511022044088177,0.542713567839196,0.7548032936870998,0.8278145695364238
5,Phrases with Keywords + O.C (Abstract),0.0,0.7202556538839724,0.5780762772847207,0.7708333333333334,0.735127799140466,0.7724879835202565,0.8050847457627119
6,Phrases with Keywords (Full text),0.0,0.7708218422504137,0.46605122096486,0.704733886065793,0.7085237967195482,0.6986000548998077,0.7453245324532453
7,Phrases with Keywords + O.C (Full text),0.0,0.718362527061602,0.6783088235294118,0.5985915492957746,0.6981558148287542,0.733970753655793,0.7852386237513874
