,Content Source,Unbalanced Finetuning,Balanced Finetuning,PET 50,PET 100,PET 200,PET 500,PET 1000
0,Title,0.5652173913043478,0.7167630057803468,0.5285810356422327,0.4606650446066504,0.6414435389988359,0.6888633754305397,0.7182448036951501
1,Abstract,0.5317725752508361,0.7217847769028871,0.6053215077605321,0.3960558751027116,0.624173180998196,0.6541524459613197,0.7172949002217295
2,Full text,0.5634517766497462,0.7544125063035805,0.5521821631878557,0.6574476491505333,0.6910994764397905,0.7427921092564492,0.7913434054716211
3,Translated Title,0.6013513513513514,0.7557980900409277,0.6687555953446732,0.6741682974559686,0.6994309363683393,0.7341622261693309,0.7448856799037304
4,Phrases with Keywords (Abstract),0.5454545454545454,0.6968973747016706,0.5054347826086957,0.5263157894736841,0.494047619047619,0.6109785202863962,0.6188340807174888
5,Phrases with Keywords + O.C (Abstract),0.5192878338278931,0.7269076305220883,0.6443864229765013,0.6784351145038168,0.6736263736263736,0.727562400424854,0.7563206024744487
6,Phrases with Keywords (Full text),0.5324675324675324,0.7112561174551386,0.5596258768511301,0.6551034022681788,0.6886792452830187,0.6833013435700576,0.7085635359116021
7,Phrases with Keywords + O.C (Full text),0.4954367666232072,0.7457805907172996,0.6278520849724627,0.655863539445629,0.6721955477957223,0.706806282722513,0.7285843101893599
