,Content Source,Unbalanced Finetuning,Balanced Finetuning,PET 50,PET 100,PET 200,PET 500,PET 1000
0,Title,0.0,0.7544338335607094,0.293953488372093,0.6330845771144278,0.6704161979752531,0.7625418060200669,0.7730192719486081
1,Abstract,0.5045454545454544,0.7801857585139319,0.5565978736710443,0.6198630136986302,0.6832627118644068,0.7557755775577557,0.7741251325556734
2,Full text,0.0,0.8395172105498435,0.594504579517069,0.6951697127937336,0.7358418852147472,0.7834031214312904,0.8159934720522235
3,Translated Title,0.4368231046931408,0.7923169267707083,0.6813186813186813,0.7014712861888942,0.708274231678487,0.754653130287648,0.771671388101983
4,Phrases with Keywords (Abstract),0.0,0.7458432304038004,0.445141065830721,0.5888324873096447,0.5543478260869564,0.6935483870967741,0.66890756302521
5,Phrases with Keywords + O.C (Abstract),0.0,0.7958050586057989,0.6650831353919241,0.6944198405668733,0.7213955874807595,0.761546723952739,0.7829977628635346
6,Phrases with Keywords (Full text),0.3408577878103837,0.7261904761904763,0.5085049239033125,0.6835599505562423,0.7100056529112493,0.7332123411978222,0.7417135709818636
7,Phrases with Keywords + O.C (Full text),0.4508393285371702,0.7000562746201463,0.6168455821635012,0.6599825632083697,0.7125871258712587,0.7443910256410257,0.7721801159161836
