,Content Source,Unbalanced Finetuning,Balanced Finetuning,PET 50,PET 100,PET 200,PET 500,PET 1000
0,Title,0.8581122763726095,0.7731196054254007,0.5715151515151515,0.6151515151515151,0.6527272727272727,0.6787878787878788,0.7248484848484849
1,Abstract,0.8620283018867925,0.7889150943396226,0.5565371024734982,0.5530035335689046,0.6083627797408716,0.6578327444051826,0.7420494699646644
2,Full text,0.9147424511545292,0.8268206039076377,0.5838509316770186,0.6047027506654836,0.6393078970718722,0.6983141082519965,0.7524401064773736
3,Translated Title,0.8659730722154223,0.7876376988984088,0.5408653846153846,0.6532451923076923,0.6802884615384616,0.7355769230769231,0.7728365384615384
4,Phrases with Keywords (Abstract),0.7202970297029703,0.6460396039603961,0.5618811881188119,0.5742574257425742,0.5717821782178217,0.6113861386138614,0.5
5,Phrases with Keywords + O.C (Abstract),0.8650416171224733,0.7782401902497027,0.5967933491686461,0.6270783847980997,0.6466745843230404,0.7072446555819477,0.7422802850356295
6,Phrases with Keywords (Full text),0.8451882845188284,0.7510460251046025,0.5974930362116991,0.6302228412256268,0.6441504178272981,0.6720055710306406,0.7228412256267409
7,Phrases with Keywords + O.C (Full text),0.8787733588883565,0.7658045977011494,0.6033492822966507,0.6397129186602871,0.6674641148325359,0.6971291866028708,0.7258373205741627
