,Content Source,Unbalanced Finetuning,Balanced Finetuning,PET 50,PET 100,PET 200,PET 500,PET 1000
0,Title,0.6593406593406594,0.7996592015579357,0.7911120652640619,0.740059756377844,0.7700818765213542,0.8193979933110368,0.8119560238204306
1,Abstract,0.4185418541854185,0.7462508926446085,0.2230432402846196,0.5481767688964019,0.6514084507042254,0.7395424081349665,0.7657038055937644
2,Full text,0.6992574257425742,0.7549414348462665,0.6693919264179866,0.7359559926654443,0.7634553737135145,0.8193730303532923,0.83248730964467
3,Translated Title,0.6861198738170347,0.7458912768647281,0.8377122069523039,0.813078081307808,0.8002183406113539,0.7882516833062457,0.8064516129032259
4,Phrases with Keywords (Abstract),0.7028753993610224,0.776654411764706,0.5807086614173228,0.3571428571428572,0.5958291956305858,0.7333948339483396,0.7288765088207985
5,Phrases with Keywords + O.C (Abstract),0.5388093443858327,0.7404727448142787,0.7032991529201962,0.8194530125436974,0.770237835478944,0.8120035304501324,0.7935250169798506
6,Phrases with Keywords (Full text),0.0,0.7578276530894984,0.5544325729136588,0.686087666757419,0.7575757575757576,0.7736994982836017,0.8018992350303349
7,Phrases with Keywords + O.C (Full text),0.6197478991596639,0.7352941176470589,0.6354453627180899,0.6728452270620946,0.7173190546528803,0.794960116026106,0.797382005899705
