,Content Source,Unbalanced Finetuning,Balanced Finetuning,PET 50,PET 100,PET 200,PET 500,PET 1000
0,Title,0.0,0.6818742293464858,0.1915151515151515,0.616969696969697,0.7224242424242424,0.8290909090909091,0.8751515151515151
1,Abstract,0.4743589743589743,0.7429245283018868,0.5241460541813898,0.6395759717314488,0.7597173144876325,0.8091872791519434,0.8598351001177856
2,Full text,0.0,0.8339253996447602,0.6335403726708074,0.9449866903283052,0.8589174800354925,0.9130434782608696,0.8873114463176575
3,Translated Title,0.5330396475770925,0.8078335373317014,0.96875,0.8882211538461539,0.9002403846153846,0.8040865384615384,0.8185096153846154
4,Phrases with Keywords (Abstract),0.0,0.7772277227722773,0.3514851485148514,0.5742574257425742,0.504950495049505,0.8514851485148515,0.9851485148514852
5,Phrases with Keywords + O.C (Abstract),0.0,0.7669441141498217,0.831353919239905,0.9311163895486936,0.834916864608076,0.8420427553444181,0.831353919239905
6,Phrases with Keywords (Full text),0.6801801801801802,0.7656903765690377,0.3955431754874652,0.7701949860724234,0.8746518105849582,0.8440111420612814,0.8259052924791086
7,Phrases with Keywords + O.C (Full text),0.7430830039525692,0.5957854406130269,0.7148325358851675,0.724401913875598,0.8315789473684211,0.8889952153110048,0.8287081339712918
