,model,Title,Abstract,Full text,Translated Title,Phrases with Keywords (Abstract),Phrases with Keywords + O.C (Abstract),Phrases with Keywords (Full text),Phrases with Keywords + O.C (Full text)
0,BERT-base,0.7341340679522497,0.7049268799571587,0.7965584598099877,0.8089476816752958,0.630305852367415,0.7622192382123776,0.7412729572241059,0.7519296719397449
1,mBERT,0.8093223140495867,0.7979761404326575,0.867511095329687,0.8187682022004439,0.6893441819429468,0.8180499997178983,0.8016522994079809,0.8161855268881207
2,Bio-Link-BERT,0.7664940312213039,0.7666887254595929,0.8240769244698767,0.8121749607063609,0.6824330947946279,0.7749095863823834,0.7644241587200595,0.7891797348961792
3,SciBERT,0.7765979797979798,0.7674392793572706,0.7981787676684808,0.7879169170673077,0.6537349279482403,0.7824459351955813,0.7558872137863609,0.7818401593370116
4,RoBERTa-base,0.7709267217630854,0.7305469886972965,0.8102995837430688,0.8201377010909763,0.6891726301343005,0.7765725763226341,0.7480262800567965,0.770983265035141
5,XLM-RoBERTa,0.8247992653810836,0.8192066881150276,0.8666316570993969,0.8248081545857988,0.6937800215665131,0.820868196410537,0.7952180693818328,0.8072937890616056
