,model,Title,Abstract,Full text,Translated Title,Phrases with Keywords (Abstract),Phrases with Keywords + O.C (Abstract),Phrases with Keywords (Full text),Phrases with Keywords + O.C (Full text)
0,BERT-base,0.8432906962070545,0.8401177020291919,0.874550429221785,0.8734600869827068,0.7403930987158122,0.8402487837224526,0.8349332508573417,0.8565479991485739
1,mBERT,0.8507710716245946,0.8565562144001423,0.9037851493363704,0.8684757351806546,0.8076659151063621,0.8577453657033061,0.8722808696548652,0.865145292934631
2,Bio-Link-BERT,0.8418022231310843,0.8317433917764329,0.8754539087418642,0.8780833841456563,0.7415204391726301,0.8373644986928818,0.8222661834818485,0.8413860997342961
3,SciBERT,0.8530858829199615,0.8470485493058028,0.8827996586416968,0.8825358919772461,0.7458827565924908,0.8340758482130864,0.8517455148816646,0.8358513710896787
4,RoBERTa-base,0.8415908873215238,0.8534620861516555,0.8972214159744328,0.8682375290079687,0.7052494853445741,0.8442634539878775,0.8277730120660042,0.8596752469869791
5,XLM-RoBERTa,0.8484874285601341,0.8626401744393022,0.9057368386182876,0.8424168787800248,0.7374031957651211,0.8607752788495662,0.7883206993341619,0.8527335549977247
