,model,Title,Abstract,Full text,Translated Title,Phrases with Keywords (Abstract),Phrases with Keywords + O.C (Abstract),Phrases with Keywords (Full text),Phrases with Keywords + O.C (Full text)
0,BERT-base,0.7842982552800735,0.7792636247729956,0.8508844377224675,0.8293500369822485,0.6113126164101559,0.8019744302954733,0.78178125557685,0.7916192394862755
1,mBERT,0.8345520661157024,0.8280530964857151,0.8882393048265177,0.8526575212647929,0.6758896186648369,0.8451289487195399,0.8243020693507965,0.8335477667635814
2,Bio-Link-BERT,0.7980121212121211,0.7992816325171579,0.8515599596576411,0.8302702593380178,0.6457210077443388,0.7901007667526136,0.7768755673838657,0.8222998557725326
3,SciBERT,0.8087610651974289,0.8040554882693005,0.8482610821420501,0.8332996255547338,0.6291785119105969,0.7979573010759362,0.7912376533391269,0.8120455117785766
4,RoBERTa-base,0.8067056014692379,0.8168870464941086,0.8493570338131009,0.8420179017196746,0.637094402509558,0.8180387156470568,0.8006416772061049,0.8100428103752203
5,XLM-RoBERTa,0.8354894398530761,0.8415276893345043,0.8884577865712853,0.84192400147929,0.7057151259680423,0.8482165526035172,0.8014001288009869,0.8346118449669193
