,model,Title,Abstract,Full text,Translated Title,Phrases with Keywords (Abstract),Phrases with Keywords + O.C (Abstract),Phrases with Keywords (Full text),Phrases with Keywords + O.C (Full text)
0,BERT-base,0.7587696366908224,0.7923234552332914,0.8483705669837056,0.8336929233297324,0.5577452452452453,0.7763127771351456,0.8197789710567945,0.7697219423562135
1,mBERT,0.8249796337726764,0.832977207977208,0.8961402344614025,0.8419944311732575,0.5828641141141141,0.8336526412184307,0.8503969757061265,0.8199514324834017
2,Bio-Link-BERT,0.7728040951315598,0.8130954883004065,0.8566375433163755,0.8315597279491198,0.629613988988989,0.770758024869867,0.8133360070705496,0.7909336330052443
3,SciBERT,0.7933253489616263,0.8300143617766569,0.8512515667625157,0.8295482555574153,0.601460835835836,0.7699748168498168,0.8190548338940754,0.7822190360553534
4,RoBERTa-base,0.7739439959145956,0.8209127317733875,0.8595941163459412,0.8371894161861144,0.5916854354354355,0.7904075091575091,0.8349561432826066,0.7766927587899455
5,XLM-RoBERTa,0.8079951121054424,0.8460210289103731,0.8966231659662317,0.8380536494073612,0.5675988488488488,0.837848828802776,0.8323381089250833,0.8130602702213955
