,model,Title,Abstract,Full text,Translated Title,Phrases with Keywords (Abstract),Phrases with Keywords + O.C (Abstract),Phrases with Keywords (Full text),Phrases with Keywords + O.C (Full text)
0,BERT-base,0.6535643937551676,0.7043750875718089,0.7252433090024331,0.7427993244374116,0.5761386386386387,0.6796799691536534,0.7225254933416516,0.6667872243319815
1,mBERT,0.6767393366081417,0.7215654336555974,0.8217134852171348,0.7381495062611262,0.5948448448448449,0.7006819934451514,0.7516989371894566,0.7117164828162271
2,Bio-Link-BERT,0.6438463596128593,0.7271350007005744,0.7492921919929219,0.7367101319172893,0.6021490240240239,0.6831562078272605,0.749351990077464,0.6800012055766531
3,SciBERT,0.6861199601186714,0.6994360375507916,0.7193283196932831,0.7378025957427384,0.6130974724724725,0.6930457152496626,0.7217122316050594,0.7024938214196527
4,RoBERTa-base,0.6834054763873353,0.6844028770258278,0.7367083241170832,0.7519011609330066,0.5925925925925926,0.6834966020821285,0.7248947215971123,0.700276421504043
5,XLM-RoBERTa,0.7083495452555809,0.7573064079211619,0.7951706849517067,0.7232475693440652,0.5696634134134133,0.7201507374204742,0.7542575551643979,0.7181211087860704
