,model,Title,Abstract,Full text,Translated Title,Phrases with Keywords (Abstract),Phrases with Keywords + O.C (Abstract),Phrases with Keywords (Full text),Phrases with Keywords + O.C (Full text)
0,BERT-base,0.6551359369680464,0.6653326561113446,0.6551758460517585,0.6614031617546369,0.5030655655655656,0.6673173317910159,0.7032188825263846,0.633080592799263
1,mBERT,0.6809128933417636,0.6810517958058941,0.7210978397109784,0.6980113506687157,0.5551488988988988,0.6618152954501639,0.7056995164991868,0.6534031706665979
2,Bio-Link-BERT,0.6755751179417343,0.678459670262949,0.6943633414436334,0.7039970786482662,0.5365521771771772,0.6421582803161752,0.6955281745059156,0.6350116682597501
3,SciBERT,0.6570084139876466,0.6658113819999066,0.6461420777114207,0.7285151316890586,0.5815659409409409,0.6559578031617505,0.6904109385560333,0.6647721890688643
4,RoBERTa-base,0.6606773746413113,0.6636425201998972,0.6598890363488903,0.7127702630738099,0.5456081081081081,0.6581688596491229,0.7086443409609114,0.66136212939282
5,XLM-RoBERTa,0.6741342833519772,0.6981925178646491,0.7104622871046229,0.6924486100756204,0.5667855355355356,0.6947838345864662,0.7240109029062038,0.6784705537902469
