,model,Title,Abstract,Full text,Translated Title,Phrases with Keywords (Abstract),Phrases with Keywords + O.C (Abstract),Phrases with Keywords (Full text),Phrases with Keywords + O.C (Full text)
0,BERT-base,0.8627856093520458,0.8624644848995056,0.8639330076092492,0.8482665339131906,0.7559434434434434,0.8382397020754802,0.8567181042428567,0.8508648669617802
1,mBERT,0.872012627762323,0.8626164836835152,0.8807936572369053,0.8615763222903732,0.7923861361361362,0.8701152035363399,0.8970690988017721,0.8591913396925013
2,Bio-Link-BERT,0.859572406463914,0.8389046733779976,0.8743431394979815,0.875036397621709,0.765015015015015,0.835257429189942,0.8459622989325961,0.8445868767807035
3,SciBERT,0.874444409714625,0.8491353607632677,0.8816128877506588,0.8873442729712044,0.7819694694694695,0.8354284935737318,0.8774009157672525,0.8202658609230132
4,RoBERTa-base,0.8549026349513956,0.8450226244343891,0.8807936572369053,0.8659377749390241,0.7381443943943945,0.8519687542576866,0.8625642969702376,0.8465437648975651
5,XLM-RoBERTa,0.8704185290532304,0.8515220339775743,0.8721908142856087,0.8622807923879658,0.753347097097097,0.8650771303571159,0.8112419350043112,0.8464176878547938
