,model,Title,Abstract,Full text,Translated Title,Phrases with Keywords (Abstract),Phrases with Keywords + O.C (Abstract),Phrases with Keywords (Full text),Phrases with Keywords + O.C (Full text)
0,BERT-base,0.6057083191479014,0.6627113399654384,0.5994138464941384,0.6142339820154284,0.5211461461461461,0.6227603262965106,0.6639966429743841,0.5822353974527887
1,mBERT,0.6382958027333301,0.6681918756713839,0.6273003760230037,0.669704669598162,0.546702952952953,0.5841195536919221,0.6425658964818075,0.5757382004185073
2,Bio-Link-BERT,0.617254754146199,0.6277672691607118,0.6270331047703311,0.6595803599957397,0.529201076076076,0.5761549305957201,0.681223680399278,0.5628600583843552
3,SciBERT,0.6122118330820485,0.6508511979823456,0.596381700213817,0.6556030613331709,0.5673642392392393,0.6173034750337382,0.633475189946748,0.6153650744443583
4,RoBERTa-base,0.5938518311366179,0.6549116108542338,0.6094558725945587,0.6449583859531671,0.5538976476476477,0.6102124301137458,0.6432826065967039,0.6274251466067322
5,XLM-RoBERTa,0.6244999635231749,0.6537673392181589,0.6064827103148271,0.6111589550081402,0.5310935935935936,0.636790293040293,0.6825271272921727,0.6135373341255694
