,model,Title,Abstract,Full text,Translated Title,Phrases with Keywords (Abstract),Phrases with Keywords + O.C (Abstract),Phrases with Keywords (Full text),Phrases with Keywords + O.C (Full text)
0,BERT-base,0.8757634482543057,0.8460193856910683,0.9022818521990067,0.8880174332866818,0.7656093593593594,0.8587189851189125,0.8638353700234889,0.8647354968297551
1,mBERT,0.895819397993311,0.5916289592760181,0.9201093414419933,0.6370554402311915,0.8276714214214215,0.8676567207109012,0.8755872208842506,0.6675078986728507
2,Bio-Link-BERT,0.8792423342606195,0.8307025851485494,0.9029848405452681,0.8925072560420053,0.762012012012012,0.7703559047489289,0.6936230785240687,0.8707160744996789
3,SciBERT,0.8591566905260526,0.8387029826838309,0.8914491892570094,0.9007229428690404,0.6081393893893894,0.8598846450792498,0.8706441590104956,0.8558486816867168
4,RoBERTa-base,0.7015847216578626,0.6134802460041859,0.906106773043626,0.8877606930733369,0.778684934934935,0.6425344777994761,0.679013171587429,0.6527579622501627
5,XLM-RoBERTa,0.45388053636733033,0.848085984542893,0.4119087332924948,0.7675561775765603,0.6179617117117118,0.5470563301391222,0.6406598430113282,0.850142887315141
