,model,Title,Abstract,Full text,Translated Title,Phrases with Keywords (Abstract),Phrases with Keywords + O.C (Abstract),Phrases with Keywords (Full text),Phrases with Keywords + O.C (Full text)
0,BERT-base,0.6644863177226814,0.6330429619270783,0.6604344912997027,0.672127808339497,0.5760709734339771,0.6758876332225614,0.6948134325463025,0.681415718504613
1,mBERT,0.7038986225895316,0.6577182884041505,0.7129527788122308,0.7018869614460059,0.5964243701597883,0.6922544727235798,0.7018606311248361,0.686606533733202
2,Bio-Link-BERT,0.702739393939394,0.649096629999126,0.690148008588104,0.7144782613720415,0.5797225762180178,0.6777114211723021,0.6943052117845143,0.6696082965133582
3,SciBERT,0.6694053259871441,0.6290432449455535,0.6582236922391347,0.7177142081176036,0.5795265170081364,0.6886217071670776,0.6838692282027607,0.6968008974153521
4,RoBERTa-base,0.6872962350780532,0.6079722419918951,0.6613186534596093,0.700539131841716,0.5855063229095187,0.6861716532856393,0.7002254017271747,0.6945884938531626
5,XLM-RoBERTa,0.6962372819100092,0.6629083477964098,0.7000351932756437,0.7052471454326923,0.6181501813547692,0.7201896006003126,0.7297138445542788,0.6930921911128408
