,model,Title,Abstract,Full text,Translated Title,Phrases with Keywords (Abstract),Phrases with Keywords + O.C (Abstract),Phrases with Keywords (Full text),Phrases with Keywords + O.C (Full text)
0,BERT-base,0.6860517906336088,0.68215915349729,0.7251031194469224,0.7388735438239644,0.6261518478580532,0.6942284798663967,0.7067236442920214,0.70014422746732
1,mBERT,0.7113792470156106,0.7087670522099718,0.8028656931697489,0.7386900772004438,0.6564062346828742,0.7440772733171218,0.732759289577207,0.7404491655410819
2,Bio-Link-BERT,0.6932157943067034,0.7107787031372041,0.740749955319499,0.7333059818786982,0.6460886187628664,0.6990524201510937,0.7210294768041837,0.7185632197065086
3,SciBERT,0.711947842056933,0.6770037777417068,0.7105380634565466,0.725785294933432,0.6357955102440938,0.7050569563475719,0.7087138523133745,0.7313110963576841
4,RoBERTa-base,0.7130989898989899,0.6609313805058539,0.7305962622694231,0.7470500878328402,0.6230026467993334,0.7000059241371918,0.7133305141952653,0.720937707470067
5,XLM-RoBERTa,0.735147842056933,0.7405518305329765,0.7804467105309776,0.7427653476331361,0.6168267816880698,0.7556857611952087,0.7447917070786229,0.7344154208923789
