,model,Title,Abstract,Full text,Translated Title,Phrases with Keywords (Abstract),Phrases with Keywords + O.C (Abstract),Phrases with Keywords (Full text),Phrases with Keywords + O.C (Full text)
0,BERT-base,0.705437478721852,0.7390447667087011,0.7906473494064736,0.8210124309602422,0.6115803303303302,0.73258416473877,0.7743625736206116,0.7252167885160212
1,mBERT,0.7975505811974125,0.8192868151884547,0.8760709282607091,0.8070264595347137,0.6282845345345346,0.7911861986697513,0.8277519068945285,0.7914460030828316
2,Bio-Link-BERT,0.7370507271047128,0.788155037130447,0.8266681412666814,0.8149445399631787,0.6809152902902903,0.7521658714092925,0.7917604331454291,0.7666993894615378
3,SciBERT,0.760119279217937,0.7956599411517444,0.7999612917496131,0.7870517170549123,0.6481637887887888,0.7476925486793907,0.7762230491002131,0.7540968078052478
4,RoBERTa-base,0.7319895676280337,0.7658271449255055,0.8139736783897367,0.8151971151651628,0.6674174174174173,0.7472135868517447,0.7734007709275639,0.752945051538402
5,XLM-RoBERTa,0.795392369048198,0.8251512073233387,0.8759124087591239,0.812783956910062,0.6100788288288288,0.7904557065741277,0.8225604004664188,0.7769833888759721
