,model,Title,Abstract,Full text,Translated Title,Phrases with Keywords (Abstract),Phrases with Keywords + O.C (Abstract),Phrases with Keywords (Full text),Phrases with Keywords + O.C (Full text)
0,BERT-base,0.8792360828931327,0.8798361920796942,0.8824561047434184,0.885215207787369,0.7960773273273273,0.8551432853444754,0.8939025659322687,0.8809746509713321
1,mBERT,0.8765886287625418,0.5902273551042361,0.9128451285306252,0.7039440932530551,0.8458771271271271,0.871099202204157,0.9067768263312819,0.7011737018374922
2,Bio-Link-BERT,0.8809614603194449,0.8687168964186748,0.8963387407467543,0.8794385529871097,0.7891328828828829,0.7561121455712491,0.6953401421223204,0.8656191137107169
3,SciBERT,0.8608758165848779,0.8701491926526126,0.8795177610651473,0.8887406892535435,0.5556181181181181,0.8548586826528604,0.8897288377486396,0.8662398006905143
4,RoBERTa-base,0.691859156690526,0.5774521496135724,0.8899583373310798,0.8731703346076415,0.7962962962962963,0.615282256233253,0.6756831088514257,0.6694690971159607
5,XLM-RoBERTa,0.42737317538211483,0.867068294222877,0.4187291963422465,0.809232628550138,0.6374812312312312,0.5463962941096326,0.6573454642761574,0.8448648928237378
