,model,Title,Abstract,Full text,Translated Title,Phrases with Keywords (Abstract),Phrases with Keywords + O.C (Abstract),Phrases with Keywords (Full text),Phrases with Keywords + O.C (Full text)
0,BERT-base,0.68215892053973,0.6115384615384616,0.68944099378882,0.6991358994501179,0.6521739130434783,0.6457564575645757,0.639625585023401,0.6225425950196591
1,mBERT,0.6005221932114881,0.0,0.6129271916790491,0.0,0.7348242811501599,0.654853620955316,0.6153184165232358,0.0
2,Bio-Link-BERT,0.6593406593406594,0.41854185418541856,0.6992574257425742,0.6861198738170347,0.7028753993610224,0.5388093443858327,0.0,0.6197478991596639
3,SciBERT,0.6417910447761194,0.5789473684210525,0.6818181818181819,0.7088989441930619,0.5359999999999999,0.6444275966641395,0.643793369313801,0.5454545454545454
4,RoBERTa-base,0.0,0.0,0.6414956011730206,0.6466227347611203,0.6761268781302171,0.0,0.0,0.0
5,XLM-RoBERTa,0.0,0.48598949211908926,0.0,0.4898785425101215,,0.0,0.48646907216494845,0.5900816070307596
