,model,Title,Abstract,Full text,Translated Title,Phrases with Keywords (Abstract),Phrases with Keywords + O.C (Abstract),Phrases with Keywords (Full text),Phrases with Keywords + O.C (Full text)
0,BERT-base,0.5936555891238671,0.5717277486910994,0.5932721712538226,0.5328102710413695,0.5602409638554217,0.5750232991612302,0.6353982300884956,0.533066132264529
1,mBERT,0.6074498567335244,0.6355283307810107,0.5653120464441219,0.6004056795131846,0.6415094339622641,0.56841046277666,0.6067415730337079,0.5606407322654462
2,Bio-Link-BERT,0.5427098674521355,0.6317829457364341,0.5766691122523845,0.5117283950617284,0.5673076923076923,0.5644007155635062,0.649746192893401,0.5470355731225296
3,SciBERT,0.5883777239709443,0.5880239520958084,0.5769881556683587,0.5468164794007491,0.5628140703517588,0.5404354587869362,0.6115444617784711,0.5515665796344648
4,RoBERTa-base,0.5916149068322981,0.6237113402061856,0.6359712230215827,0.5216836734693877,0.6436781609195402,0.6017478152309613,0.6440329218106996,0.5857142857142857
5,XLM-RoBERTa,0.632,0.5933333333333334,0.56,0.5254237288135594,0.6068376068376068,0.5542359461599367,0.7117794486215538,0.5424836601307189
