,model,Title,Abstract,Full text,Translated Title,Phrases with Keywords (Abstract),Phrases with Keywords + O.C (Abstract),Phrases with Keywords (Full text),Phrases with Keywords + O.C (Full text)
0,BERT-base,0.38295577130528585,0.3201381509032944,0.7036535859269283,0.7588105726872246,0.49120992761116855,0.7691475551709217,0.6720503695592663,0.7016423357664233
1,mBERT,0.6765834932821497,0.4859207575380015,0.7566889632107022,0.795006570302234,0.5566801619433199,0.7935153583617747,0.7190412782956057,0.6865837817776953
2,Bio-Link-BERT,0.740059756377844,0.5481767688964019,0.7359559926654443,0.813078081307808,0.3571428571428572,0.8194530125436974,0.686087666757419,0.6728452270620946
3,SciBERT,0.6074766355140188,0.4816457255481646,0.7304869913275517,0.7812152236812819,0.32453245324532454,0.789924973204716,0.7346832814122534,0.7579527279189622
4,RoBERTa-base,0.3616611661166117,0.3532467532467533,0.734126984126984,0.7195828505214368,0.5511022044088177,0.7708333333333334,0.704733886065793,0.5985915492957746
5,XLM-RoBERTa,0.6233161890766593,0.6315422191207257,0.82622187742436,0.8027373452096459,0.58,0.8193979933110368,0.733032873806999,0.6971818014367287
