,model,Title,Abstract,Full text,Translated Title,Phrases with Keywords (Abstract),Phrases with Keywords + O.C (Abstract),Phrases with Keywords (Full text),Phrases with Keywords + O.C (Full text)
0,BERT-base,0.6115906288532675,0.6485849056603774,0.6642984014209592,0.6780905752753978,0.7227722772277227,0.6456599286563615,0.6080892608089261,0.6772030651340997
1,mBERT,0.654747225647349,0.6875,0.7238010657193605,0.7405140758873929,0.7821782178217822,0.6623067776456599,0.7475592747559274,0.6455938697318008
2,Bio-Link-BERT,0.8101109741060419,0.7393867924528302,0.7326820603907638,0.7221542227662179,0.8366336633663366,0.7300832342449465,0.7629009762900977,0.7231800766283525
3,SciBERT,0.6621454993834772,0.6132075471698113,0.6651865008880995,0.7135862913096696,0.7227722772277227,0.6801426872770512,0.698744769874477,0.5795019157088123
4,RoBERTa-base,0.7706535141800247,0.8018867924528302,0.7788632326820604,0.7209302325581395,0.693069306930693,0.6967895362663495,0.7796373779637378,0.6992337164750958
5,XLM-RoBERTa,0.6818742293464858,0.7429245283018868,0.8339253996447602,0.8078335373317014,0.7772277227722773,0.7669441141498217,0.7656903765690377,0.5957854406130269
