,model,Title,Abstract,Full text,Translated Title,Phrases with Keywords (Abstract),Phrases with Keywords + O.C (Abstract),Phrases with Keywords (Full text),Phrases with Keywords + O.C (Full text)
0,BERT-base,0.7182448036951501,0.7172949002217295,0.7913434054716211,0.7448856799037304,0.6188340807174888,0.7563206024744487,0.7085635359116021,0.7285843101893599
1,mBERT,0.7755324959038777,0.7652556349642661,0.8152315015144959,0.7880794701986755,0.6825396825396826,0.7853170189099,0.7662588538312943,0.7819218955682316
2,Bio-Link-BERT,0.7498677948175568,0.7360881542699723,0.7781731909845789,0.766685052399338,0.6666666666666667,0.7414066631411951,0.7428222357971901,0.7557885539536916
3,SciBERT,0.7576754385964911,0.7422680412371133,0.7798201016816582,0.7591324200913242,0.6283185840707965,0.7524644030668126,0.7259552042160737,0.7516087516087516
4,RoBERTa-base,0.7390804597701148,0.7611777535441657,0.7787470261697066,0.7847380410022778,0.6644518272425249,0.7641304347826087,0.7314439946018894,0.7476882430647293
5,XLM-RoBERTa,0.7730192719486081,0.7741251325556734,0.8159934720522235,0.771671388101983,0.66890756302521,0.7829977628635346,0.7417135709818636,0.7721801159161836
