,model,Title,Abstract,Full text,Translated Title,Phrases with Keywords (Abstract),Phrases with Keywords + O.C (Abstract),Phrases with Keywords (Full text),Phrases with Keywords + O.C (Full text)
0,BERT-base,0.6170212765957447,0.6375921375921376,0.6327433628318584,0.6139872842870118,0.6194029850746269,0.6267893660531697,0.5971370143149284,0.6179775280898876
1,mBERT,0.6312292358803987,0.6257796257796258,0.62477120195241,0.6048109965635738,0.6136363636363636,0.60880195599022,0.6064581231079718,0.6598759964570416
2,Bio-Link-BERT,0.5709598031173093,0.6423611111111112,0.6377730796335448,0.5854632587859425,0.6030150753768844,0.5810699588477366,0.6229685807150596,0.6286407766990292
3,SciBERT,0.6355140186915887,0.5981781376518218,0.6187683284457478,0.6087344028520499,0.6229508196721312,0.5844897959183674,0.6202830188679245,0.6145985401459854
4,RoBERTa-base,0.6938461538461539,0.6493506493506493,0.5966748768472906,0.6641137855579868,0.5775401069518716,0.6172839506172839,0.6221959858323495,0.654320987654321
5,XLM-RoBERTa,0.6253934942287513,0.6207892204042348,0.6436170212765957,0.5837879968823071,0.6144578313253012,0.6350496838301717,0.5975261655566128,0.6233859397417504
