,model,Title,Abstract,Full text,Translated Title,Phrases with Keywords (Abstract),Phrases with Keywords + O.C (Abstract),Phrases with Keywords (Full text),Phrases with Keywords + O.C (Full text)
0,BERT-base,0.739244116947944,0.743507239715008,0.8310463121783876,0.7443482443482443,0.6558935361216731,0.8015963511972634,0.7121043864519712,0.7547169811320755
1,mBERT,0.8244310264746866,0.7970682546953735,0.8274771609276176,0.8286908077994428,0.7747747747747747,0.8163737280296023,0.8025357431885621,0.8228666420391578
2,Bio-Link-BERT,0.8119560238204306,0.7657038055937644,0.83248730964467,0.8064516129032259,0.7288765088207985,0.7935250169798506,0.8018992350303349,0.797382005899705
3,SciBERT,0.8036752733193765,0.7547169811320754,0.8395082519366791,0.7827212806026365,0.6710775047258979,0.7892922794117647,0.750272331154684,0.8013172338090012
4,RoBERTa-base,0.7627520759193357,0.7966217758502625,0.8317804506183296,0.8102069614299154,0.8278145695364238,0.8050847457627119,0.7453245324532453,0.7852386237513874
5,XLM-RoBERTa,0.8312226571494358,0.8233701782088879,0.8573388203017833,0.7991081905655949,0.8284762697751874,0.8113120074177098,0.7900346389555023,0.805132019338044
