,model,Title,Abstract,Full text,Translated Title,Phrases with Keywords (Abstract),Phrases with Keywords + O.C (Abstract),Phrases with Keywords (Full text),Phrases with Keywords + O.C (Full text)
0,BERT-base,0.5652173913043478,0.5317725752508361,0.5634517766497462,0.6013513513513514,0.5454545454545454,0.5192878338278931,0.5324675324675324,0.49543676662320724
1,mBERT,0.6013071895424836,0.0,0.6297709923664122,0.0,0.609271523178808,0.5510534846029174,0.5766129032258065,0.0
2,Bio-Link-BERT,0.5333333333333333,0.4547677261613692,0.5692695214105794,0.5928449744463372,0.5827814569536424,0.44272445820433437,0.0,0.5291479820627804
3,SciBERT,0.5292307692307693,0.4904458598726114,0.5669291338582677,0.5829457364341085,0.4451827242524917,0.5329153605015674,0.5293185419968305,0.5853658536585366
4,RoBERTa-base,0.0,0.0,0.6457564575645757,0.5891181988742964,0.5890909090909091,0.0,0.0,0.0
5,XLM-RoBERTa,0.0,0.5045454545454544,0.0,0.4368231046931408,,0.0,0.3408577878103837,0.45083932853717024
