,model,Title,Abstract,Full text,Translated Title,Phrases with Keywords (Abstract),Phrases with Keywords + O.C (Abstract),Phrases with Keywords (Full text),Phrases with Keywords + O.C (Full text)
0,BERT-base,0.7583230579531443,0.75,0.7837477797513321,0.780905752753978,0.6856435643564357,0.7574316290130797,0.7531380753138075,0.7691570881226054
1,mBERT,0.7651048088779285,0.777122641509434,0.8188277087033747,0.7906976744186046,0.7475247524752475,0.7782401902497027,0.7907949790794979,0.7653256704980843
2,Bio-Link-BERT,0.7774352651048089,0.7623820754716981,0.8063943161634103,0.8017135862913096,0.6435643564356436,0.7651605231866825,0.7461645746164575,0.764367816091954
3,SciBERT,0.7644882860665845,0.7529481132075472,0.7939609236234458,0.7937576499388005,0.693069306930693,0.762782401902497,0.7712691771269177,0.7365900383141762
4,RoBERTa-base,0.7731196054254007,0.7889150943396226,0.8268206039076377,0.7876376988984088,0.6460396039603961,0.7782401902497027,0.7510460251046025,0.7658045977011494
5,XLM-RoBERTa,0.7780517879161529,0.7906839622641509,0.8405861456483126,0.7882496940024479,0.7351485148514851,0.8032104637336505,0.7112970711297071,0.7447318007662835
