,model,Title,Abstract,Full text,Translated Title,Phrases with Keywords (Abstract),Phrases with Keywords + O.C (Abstract),Phrases with Keywords (Full text),Phrases with Keywords + O.C (Full text)
0,BERT-base,0.6266666666666667,0.6319199057714959,0.6597160603371783,0.6508413461538461,0.5792079207920792,0.6472684085510689,0.6323119777158774,0.6406698564593302
1,mBERT,0.6436363636363637,0.6425206124852768,0.6814551907719609,0.6466346153846154,0.599009900990099,0.6585510688836105,0.6469359331476323,0.6727272727272727
2,Bio-Link-BERT,0.6048484848484849,0.6448763250883393,0.673469387755102,0.6286057692307693,0.6014851485148515,0.6169833729216152,0.6580779944289693,0.6521531100478469
3,SciBERT,0.6581818181818182,0.6142520612485277,0.6437444543034605,0.6466346153846154,0.5742574257425742,0.6229216152019003,0.6420612813370473,0.6502392344497607
4,RoBERTa-base,0.6527272727272727,0.6083627797408716,0.6393078970718722,0.6802884615384616,0.5717821782178217,0.6466745843230404,0.6441504178272981,0.6674641148325359
5,XLM-RoBERTa,0.6448484848484849,0.6478209658421673,0.691659272404614,0.6292067307692307,0.594059405940594,0.6775534441805225,0.6427576601671309,0.6645933014354067
