,model,Title,Abstract,Full text,Translated Title,Phrases with Keywords (Abstract),Phrases with Keywords + O.C (Abstract),Phrases with Keywords (Full text),Phrases with Keywords + O.C (Full text)
0,BERT-base,0.5285810356422327,0.6053215077605321,0.5521821631878557,0.6687555953446732,0.5054347826086957,0.6443864229765013,0.5596258768511301,0.6278520849724627
1,mBERT,0.556795797767564,0.5525965379494008,0.6219560878243513,0.6512651265126513,0.26666666666666666,0.6154684095860566,0.4022346368715084,0.6239388794567062
2,Bio-Link-BERT,0.6752175904718277,0.2944896115627823,0.6313253012048193,0.6761827079934747,0.575609756097561,0.6438775510204081,0.5867074102368219,0.599134199134199
3,SciBERT,0.5887341005451243,0.5831353919239906,0.5907319185794717,0.6737425011536686,0.5586034912718204,0.6531954887218044,0.5768947755702722,0.6558013193636011
4,RoBERTa-base,0.518720217835262,0.39126919967663704,0.4851811196487377,0.6816666666666666,0.38754325259515576,0.5867315885575167,0.5199335548172759,0.6403470715835142
5,XLM-RoBERTa,0.293953488372093,0.5565978736710443,0.594504579517069,0.6813186813186813,0.445141065830721,0.6650831353919241,0.5085049239033125,0.6168455821635012
