,model,Title,Abstract,Full text,Translated Title,Phrases with Keywords (Abstract),Phrases with Keywords + O.C (Abstract),Phrases with Keywords (Full text),Phrases with Keywords + O.C (Full text)
0,BERT-base,0.7114062129475931,0.6678281068524972,0.8135283363802559,0.7407407407407407,0.624390243902439,0.7768201406214561,0.718321226795803,0.7462686567164178
1,mBERT,0.8106251431188458,0.7738499886698391,0.8472269479414768,0.8032407407407408,0.727699530516432,0.7933960100894291,0.7815013404825738,0.7926489697419713
2,Bio-Link-BERT,0.8193979933110368,0.7395424081349665,0.8193730303532923,0.7882516833062457,0.7333948339483396,0.8120035304501324,0.7736994982836017,0.794960116026106
3,SciBERT,0.7591069330199764,0.7807570977917981,0.8242914979757084,0.7426210153482881,0.7283834586466165,0.7803930530164535,0.7154627849491899,0.7681641708264004
4,RoBERTa-base,0.7773446457234578,0.6898148148148148,0.827154391168232,0.8024976873265495,0.7548032936870998,0.7724879835202565,0.6986000548998077,0.733970753655793
5,XLM-RoBERTa,0.8011243851018975,0.7869415807560137,0.856358189081225,0.7835558678847505,0.780399274047187,0.8078851412944394,0.7959022852639873,0.8248978866986326
