,model,Title,Abstract,Full text,Translated Title,Phrases with Keywords (Abstract),Phrases with Keywords + O.C (Abstract),Phrases with Keywords (Full text),Phrases with Keywords + O.C (Full text)
0,BERT-base,0.7539393939393939,0.7620730270906949,0.8598047914818101,0.7439903846153846,0.6831683168316832,0.834916864608076,0.7144846796657381,0.7732057416267942
1,mBERT,0.8606060606060606,0.8197879858657244,0.8358473824312334,0.8581730769230769,0.8514851485148515,0.838479809976247,0.8286908077994429,0.8526315789473684
2,Bio-Link-BERT,0.8593939393939394,0.7868080094228505,0.8731144631765749,0.8353365384615384,0.7772277227722773,0.832541567695962,0.8467966573816156,0.8277511961722488
3,SciBERT,0.8375757575757575,0.7632508833922261,0.8846495119787046,0.7992788461538461,0.7029702970297029,0.815914489311164,0.7674094707520891,0.8382775119617225
4,RoBERTa-base,0.7793939393939394,0.8221436984687868,0.8713398402839396,0.828125,0.9900990099009901,0.834916864608076,0.754874651810585,0.8124401913875599
5,XLM-RoBERTa,0.8751515151515151,0.8598351001177856,0.8873114463176575,0.8185096153846154,0.9851485148514851,0.831353919239905,0.8259052924791086,0.8287081339712918
