,model,Title,Abstract,Full text,Translated Title,Phrases with Keywords (Abstract),Phrases with Keywords + O.C (Abstract),Phrases with Keywords (Full text),Phrases with Keywords + O.C (Full text)
0,BERT-base,0.6857772877618522,0.6774869109947644,0.7329803328290468,0.7457831325301205,0.5655737704918032,0.6912487708947886,0.7027397260273973,0.6888320545609549
1,mBERT,0.705765407554672,0.7175257731958763,0.7956081081081081,0.7285714285714285,0.5695364238410596,0.7384937238493724,0.7125748502994012,0.7220421393841167
2,Bio-Link-BERT,0.6651031894934334,0.6915113871635611,0.7018544935805991,0.7084607543323139,0.5836431226765799,0.6682554814108675,0.661588683351469,0.6953376205787781
3,SciBERT,0.6916916916916916,0.7224080267558528,0.6972027972027972,0.7228260869565217,0.568,0.698170731707317,0.68875,0.6811819595645412
4,RoBERTa-base,0.7027322404371584,0.7086294416243655,0.7039426523297491,0.7456709956709957,0.5,0.7044088176352705,0.7094240837696335,0.6924959216965743
5,XLM-RoBERTa,0.6922339405560882,0.703953712632594,0.7552870090634441,0.729903536977492,0.5063613231552163,0.7399577167019028,0.6730987514188422,0.7228714524207012
