,model,Title,Abstract,Full text,Translated Title,Phrases with Keywords (Abstract),Phrases with Keywords + O.C (Abstract),Phrases with Keywords (Full text),Phrases with Keywords + O.C (Full text)
0,BERT-base,0.7913043478260869,0.6794871794871795,0.8102189781021898,0.7841409691629956,0.75,0.7709251101321586,0.7387387387387387,0.7509881422924901
1,mBERT,0.6,0.0,0.6021897810218978,0.0,0.8518518518518519,0.748898678414097,0.6441441441441441,0.0
2,Bio-Link-BERT,0.782608695652174,0.3974358974358974,0.8248175182481752,0.7665198237885462,0.8148148148148148,0.6299559471365639,0.0,0.6996047430830039
3,SciBERT,0.7478260869565218,0.6581196581196581,0.7883211678832117,0.8281938325991189,0.6203703703703703,0.748898678414097,0.7522522522522522,0.5217391304347826
4,RoBERTa-base,0.0,0.0,0.6386861313868614,0.6916299559471366,0.75,0.0,0.0,0.0
5,XLM-RoBERTa,0.0,0.47435897435897434,0.0,0.5330396475770925,,0.0,0.6801801801801802,0.7430830039525692
