,model,Title,Abstract,Full text,Translated Title,Phrases with Keywords (Abstract),Phrases with Keywords + O.C (Abstract),Phrases with Keywords (Full text),Phrases with Keywords + O.C (Full text)
0,BERT-base,0.5969696969696969,0.5671378091872792,0.6153504880212954,0.5997596153846154,0.5767326732673267,0.5997624703087886,0.6399721448467967,0.6138755980861244
1,mBERT,0.6575757575757576,0.5959952885747939,0.6499556344276841,0.6286057692307693,0.599009900990099,0.5997624703087886,0.6371866295264624,0.6296650717703349
2,Bio-Link-BERT,0.6436363636363637,0.5959952885747939,0.6220053238686779,0.6147836538461539,0.5693069306930693,0.5587885985748219,0.6441504178272981,0.6133971291866028
3,SciBERT,0.6345454545454545,0.5700824499411072,0.6171251109139307,0.6436298076923077,0.5420792079207921,0.6051068883610451,0.6058495821727019,0.6239234449760765
4,RoBERTa-base,0.6151515151515151,0.5530035335689046,0.6047027506654836,0.6532451923076923,0.5742574257425742,0.6270783847980997,0.6302228412256268,0.6397129186602871
5,XLM-RoBERTa,0.6424242424242425,0.607773851590106,0.5856255545696539,0.6219951923076923,0.599009900990099,0.5902612826603325,0.6434540389972145,0.6267942583732058
