,model,Title,Abstract,Full text,Translated Title,Phrases with Keywords (Abstract),Phrases with Keywords + O.C (Abstract),Phrases with Keywords (Full text),Phrases with Keywords + O.C (Full text)
0,BERT-base,0.7272727272727273,0.6772673733804476,0.8686779059449867,0.7451923076923077,0.6336633663366337,0.8135391923990499,0.7437325905292479,0.7751196172248804
1,mBERT,0.8581818181818182,0.8044758539458187,0.8837622005323869,0.8341346153846154,0.7673267326732673,0.8218527315914489,0.8119777158774373,0.8172248803827751
2,Bio-Link-BERT,0.8909090909090909,0.7538280329799765,0.8766637089618456,0.8161057692307693,0.7871287128712872,0.8741092636579573,0.8161559888579387,0.8392344497607656
3,SciBERT,0.7830303030303031,0.8162544169611308,0.9032830523513753,0.7560096153846154,0.7673267326732673,0.8111638954869359,0.7256267409470752,0.7952153110047847
4,RoBERTa-base,0.8218181818181818,0.702002355712603,0.8908606921029282,0.8341346153846154,0.8168316831683168,0.8016627078384798,0.7089136490250696,0.7492822966507177
5,XLM-RoBERTa,0.8290909090909091,0.8091872791519434,0.9130434782608695,0.8040865384615384,0.8514851485148515,0.8420427553444181,0.8440111420612814,0.8889952153110048
