,model,Title,Abstract,Full text,Translated Title,Phrases with Keywords (Abstract),Phrases with Keywords + O.C (Abstract),Phrases with Keywords (Full text),Phrases with Keywords + O.C (Full text)
0,BERT-base,0.6570474600524684,0.6163895486935866,0.7315825375170532,0.7631519530368027,0.440552016985138,0.7052462034054303,0.7584415584415584,0.7095466273497972
1,mBERT,0.6780870806566738,0.6906837999082149,0.8329266308768505,0.7836153161175422,0.5487804878048781,0.8128400435255712,0.7778928294071964,0.7016387266905256
2,Bio-Link-BERT,0.7700818765213542,0.6514084507042254,0.7634553737135145,0.8002183406113539,0.5958291956305858,0.770237835478944,0.7575757575757576,0.7173190546528803
3,SciBERT,0.7178043631245602,0.6740419708029197,0.7186648501362397,0.7674157303370787,0.40860215053763443,0.7794469845416937,0.706989247311828,0.7585585585585586
4,RoBERTa-base,0.5708860759493671,0.4985044865403789,0.7901174168297456,0.7154644035832155,0.542713567839196,0.735127799140466,0.7085237967195482,0.6981558148287542
5,XLM-RoBERTa,0.7006818716200328,0.7271702367531002,0.8050565535595474,0.8121882454998915,0.5236139630390144,0.7854748603351955,0.8004078511343359,0.7795120200932903
