,model,Title,Abstract,Full text,Translated Title,Phrases with Keywords (Abstract),Phrases with Keywords + O.C (Abstract),Phrases with Keywords (Full text),Phrases with Keywords + O.C (Full text)
0,BERT-base,0.5751515151515152,0.5806831566548881,0.5811889973380656,0.5552884615384616,0.5495049504950495,0.5956057007125891,0.6065459610027855,0.5473684210526316
1,mBERT,0.5909090909090909,0.6042402826855123,0.5798580301685892,0.6189903846153846,0.5371287128712872,0.5807600950118765,0.552924791086351,0.5760765550239234
2,Bio-Link-BERT,0.5703030303030303,0.5400471142520612,0.5927240461401952,0.5228365384615384,0.5693069306930693,0.5855106888361045,0.6232590529247911,0.5569377990430622
3,SciBERT,0.5884848484848485,0.5865724381625441,0.5807453416149069,0.5751201923076923,0.5618811881188119,0.5617577197149644,0.5995821727019499,0.5755980861244019
4,RoBERTa-base,0.5715151515151515,0.5565371024734982,0.5838509316770186,0.5408653846153846,0.5618811881188119,0.5967933491686461,0.5974930362116991,0.6033492822966507
5,XLM-RoBERTa,0.54,0.582449941107185,0.5678793256433008,0.546875,0.5618811881188119,0.581353919239905,0.6176880222841226,0.5559808612440191
