,model,Title,Abstract,Full text,Translated Title,Phrases with Keywords (Abstract),Phrases with Keywords + O.C (Abstract),Phrases with Keywords (Full text),Phrases with Keywords + O.C (Full text)
0,BERT-base,0.4396135265700483,0.4368131868131868,0.43190661478599224,0.4876712328767123,0.42857142857142855,0.39149888143176736,0.41624365482233505,0.36964980544747084
1,mBERT,0.6026200873362445,0.0,0.66,0.0,0.4742268041237113,0.4358974358974359,0.5218978102189781,0.0
2,Bio-Link-BERT,0.4044943820224719,0.5314285714285715,0.4346153846153846,0.48333333333333334,0.4536082474226804,0.3412887828162291,0.0,0.4254807692307692
3,SciBERT,0.4095238095238095,0.39086294416243655,0.4426229508196721,0.44976076555023925,0.3471502590673575,0.41362530413625304,0.4083129584352078,0.6666666666666666
4,RoBERTa-base,0.0,0.0,0.6529850746268657,0.5130718954248366,0.48502994011976047,0.0,0.0,0.0
5,XLM-RoBERTa,0.0,0.5388349514563107,0.0,0.37003058103975534,,0.0,0.22740963855421686,0.32358003442340794
