,model,Title,Abstract,Full text,Translated Title,Phrases with Keywords (Abstract),Phrases with Keywords + O.C (Abstract),Phrases with Keywords (Full text),Phrases with Keywords + O.C (Full text)
0,BERT-base,0.49596163553760725,0.6274419673638244,0.530151211513937,0.7896405919661733,0.47741273100616016,0.6946633641071831,0.5222577829502474,0.7028360049321826
1,mBERT,0.5302651325662832,0.5124722153618176,0.661739721372749,0.6861381548446917,0.19744483159117307,0.6476386978450251,0.3345724907063197,0.6692769987251868
2,Bio-Link-BERT,0.7911120652640619,0.2230432402846196,0.6693919264179866,0.8377122069523039,0.5807086614173228,0.7032991529201962,0.5544325729136588,0.6354453627180899
3,SciBERT,0.5889481337857488,0.5802410777593949,0.5992970123022847,0.7827578811923654,0.5561072492552135,0.7466695315857326,0.5579276971249644,0.739670868347339
4,RoBERTa-base,0.4830121703853955,0.31976744186046513,0.42475494906784544,0.835375816993464,0.31284916201117324,0.5780762772847207,0.46605122096486007,0.6783088235294118
5,XLM-RoBERTa,0.22253521126760564,0.5366618427399904,0.6173266470689953,0.8288770053475936,0.38378378378378375,0.7557762902180954,0.43411800672577194,0.6721252474356667
