,model,Title,Abstract,Full text,Translated Title,Phrases with Keywords (Abstract),Phrases with Keywords + O.C (Abstract),Phrases with Keywords (Full text),Phrases with Keywords + O.C (Full text)
0,BERT-base,0.6678787878787878,0.6113074204946997,0.7613132209405501,0.8125,0.41089108910891087,0.7280285035629454,0.8133704735376045,0.7368421052631579
1,mBERT,0.6909090909090909,0.7090694935217904,0.9086069210292813,0.8461538461538461,0.5346534653465347,0.8871733966745843,0.8370473537604457,0.7129186602870813
2,Bio-Link-BERT,0.8436363636363636,0.6537102473498233,0.80301685891748,0.8810096153846154,0.594059405940594,0.838479809976247,0.8008356545961003,0.7435406698564593
3,SciBERT,0.7418181818181818,0.696113074204947,0.748890860692103,0.8209134615384616,0.37623762376237624,0.850356294536817,0.7325905292479109,0.8057416267942584
4,RoBERTa-base,0.5466666666666666,0.4711425206124853,0.8598047914818101,0.7295673076923077,0.5346534653465347,0.7719714964370546,0.733983286908078,0.7100478468899522
5,XLM-RoBERTa,0.7224242424242424,0.7597173144876325,0.8589174800354925,0.9002403846153846,0.504950495049505,0.834916864608076,0.8746518105849582,0.8315789473684211
