,model,Title,Abstract,Full text,Translated Title,Phrases with Keywords (Abstract),Phrases with Keywords + O.C (Abstract),Phrases with Keywords (Full text),Phrases with Keywords + O.C (Full text)
0,BERT-base,0.6715151515151515,0.6419316843345112,0.6992014196983141,0.7301682692307693,0.5965346534653465,0.6953681710213777,0.6552924791086351,0.6784688995215311
1,mBERT,0.7115151515151515,0.7055359246171967,0.7759538598047915,0.7379807692307693,0.6311881188118812,0.732185273159145,0.7144846796657381,0.7397129186602871
2,Bio-Link-BERT,0.6727272727272727,0.7055359246171967,0.7018633540372671,0.7277644230769231,0.6039603960396039,0.6828978622327792,0.6789693593314763,0.7
3,SciBERT,0.7042424242424242,0.7025912838633687,0.6637089618456078,0.7109375,0.6336633663366337,0.7125890736342043,0.6901114206128134,0.707177033492823
4,RoBERTa-base,0.6787878787878788,0.6578327444051826,0.6983141082519965,0.7355769230769231,0.6113861386138614,0.7072446555819477,0.6720055710306406,0.6971291866028708
5,XLM-RoBERTa,0.7418181818181818,0.7385159010600707,0.7475598935226264,0.7385817307692307,0.6237623762376238,0.7363420427553444,0.6928969359331476,0.6947368421052632
