,model,Title,Abstract,Full text,Translated Title,Phrases with Keywords (Abstract),Phrases with Keywords + O.C (Abstract),Phrases with Keywords (Full text),Phrases with Keywords + O.C (Full text)
0,BERT-base,0.7167630057803468,0.7217847769028871,0.7544125063035805,0.7557980900409277,0.6968973747016706,0.7269076305220883,0.7112561174551386,0.7457805907172996
1,mBERT,0.735966735966736,0.755181347150259,0.7998037291462217,0.779639175257732,0.7559808612440192,0.7491593813046401,0.7813411078717202,0.7334058759521219
2,Bio-Link-BERT,0.7844776119402986,0.7567893783946892,0.7909875359539789,0.7845744680851063,0.7012448132780082,0.7566235366605053,0.7503429355281207,0.7542457542457542
3,SciBERT,0.7376373626373627,0.7128169979437972,0.7635066258919471,0.7757817697937458,0.7019230769230769,0.7414128321451717,0.7533834586466166,0.6875
4,RoBERTa-base,0.7725587144622992,0.7916181606519209,0.8180970149253731,0.7724590163934425,0.6619385342789598,0.7585760517799351,0.7579661016949152,0.7491021036428938
5,XLM-RoBERTa,0.7544338335607094,0.7801857585139319,0.8395172105498435,0.7923169267707083,0.7458432304038004,0.7958050586057989,0.7261904761904763,0.7000562746201463
