,model,Title,Abstract,Full text,Translated Title,Phrases with Keywords (Abstract),Phrases with Keywords + O.C (Abstract),Phrases with Keywords (Full text),Phrases with Keywords + O.C (Full text)
0,BERT-base,0.6888633754305397,0.6541524459613197,0.7427921092564492,0.7341622261693309,0.6109785202863962,0.727562400424854,0.6833013435700576,0.706806282722513
1,mBERT,0.7484143763213531,0.7320471596998928,0.7977573087705248,0.7609649122807017,0.6753812636165578,0.754223433242507,0.7398477157360406,0.7584369449378331
2,Bio-Link-BERT,0.7313432835820896,0.7191011235955057,0.7462235649546828,0.7498619547211487,0.6652719665271968,0.7337986041874377,0.7176974892835274,0.7366652666946661
3,SciBERT,0.7258426966292135,0.7329455314648334,0.728704366499642,0.7234042553191489,0.6768558951965066,0.7383783783783784,0.7007397444519167,0.7308707124010554
4,RoBERTa-base,0.71898197242842,0.6723068245910886,0.7470238095238094,0.7592997811816192,0.6776180698151951,0.7325013564839934,0.6836803223640027,0.7121418826739427
5,XLM-RoBERTa,0.7625418060200669,0.7557755775577557,0.7834031214312904,0.754653130287648,0.6935483870967741,0.761546723952739,0.7332123411978222,0.7443910256410257
