,model,Title,Abstract,Full text,Translated Title,Phrases with Keywords (Abstract),Phrases with Keywords + O.C (Abstract),Phrases with Keywords (Full text),Phrases with Keywords + O.C (Full text)
0,BERT-base,0.6543075245365322,0.6325632563256326,0.6487740225314778,0.7234539089848308,0.5898617511520737,0.6580211335254563,0.6319526627218935,0.6495589414595028
1,mBERT,0.6635426429240863,0.671583087512291,0.727007299270073,0.6995967741935484,0.603112840466926,0.6968781470292045,0.6794871794871795,0.7075393537696769
2,Bio-Link-BERT,0.620253164556962,0.6874328678839957,0.6495726495726496,0.693564862104188,0.5760869565217391,0.6323024054982818,0.6404371584699453,0.656437125748503
3,SciBERT,0.6764397905759162,0.6650671785028791,0.6106778644271146,0.6934950385887542,0.60546875,0.6775793650793651,0.6775032509752926,0.676159479251424
4,RoBERTa-base,0.6390197926484449,0.645021645021645,0.6431774503523382,0.6967871485943775,0.5789473684210527,0.6743256743256744,0.6601815823605707,0.6785095320623917
5,XLM-RoBERTa,0.7058823529411765,0.7089783281733746,0.686,0.7109458023379384,0.5850340136054422,0.6950980392156862,0.6481283422459893,0.6402481047553411
