,model,Title,Abstract,Full text,Translated Title,Phrases with Keywords (Abstract),Phrases with Keywords + O.C (Abstract),Phrases with Keywords (Full text),Phrases with Keywords + O.C (Full text)
0,BERT-base,0.696078431372549,0.654891304347826,0.5925925925925926,0.5684818481848185,0.5974842767295597,0.5669856459330144,0.6286811779769527,0.5915384615384616
1,mBERT,0.6497695852534562,0.6320907617504052,0.6148097826086957,0.5864297253634895,0.6111111111111112,0.5636363636363636,0.6115515288788222,0.6120760959470637
2,Bio-Link-BERT,0.6127497621313035,0.6093959731543624,0.5922199865861838,0.5722937168811506,0.6372549019607843,0.5331103678929766,0.6292134831460674,0.5975308641975309
3,SciBERT,0.6449086161879896,0.5897435897435898,0.5887096774193549,0.6025751072961374,0.5841584158415841,0.5682343870470317,0.5775510204081633,0.5894955079474775
4,RoBERTa-base,0.7827380952380952,0.5991189427312775,0.5766233766233766,0.6291793313069909,0.5789473684210527,0.589765100671141,0.6078431372549019,0.6566523605150214
5,XLM-RoBERTa,0.6500638569604087,0.6013289036544851,0.54981930820857,0.5796078431372549,0.6041666666666666,0.5536723163841808,0.6144444444444445,0.6060848678943155
