,model,Title,Abstract,Full text,Translated Title,Phrases with Keywords (Abstract),Phrases with Keywords + O.C (Abstract),Phrases with Keywords (Full text),Phrases with Keywords + O.C (Full text)
0,BERT-base,0.6497249148545978,0.6760078662733531,0.6976310389852639,0.7071738575440389,0.7121951219512196,0.6758775205377147,0.6455433816997336,0.703062848050915
1,mBERT,0.684984520123839,0.7130626223091976,0.7524002954209748,0.7556832375718213,0.771484375,0.6945137157107232,0.760715299460687,0.6780684104627767
2,Bio-Link-BERT,0.7996592015579357,0.7462508926446085,0.7549414348462665,0.7458912768647281,0.776654411764706,0.7404727448142787,0.7578276530894984,0.7352941176470589
3,SciBERT,0.6904088454615582,0.6495128653509867,0.7013108614232211,0.7372281234193222,0.7142857142857143,0.7033939990162321,0.7196207986210859,0.6183565004088307
4,RoBERTa-base,0.7714144655640583,0.7977475363679024,0.7940963419051068,0.7406941649899397,0.6802721088435374,0.7202556538839724,0.7708218422504137,0.718362527061602
5,XLM-RoBERTa,0.7091561938958708,0.7573936042317866,0.8361531611754228,0.8015545299975712,0.7643622200584226,0.7782335907335908,0.7493857493857494,0.6335302505601955
