,model,Title,Abstract,Full text,Translated Title,Phrases with Keywords (Abstract),Phrases with Keywords + O.C (Abstract),Phrases with Keywords (Full text),Phrases with Keywords + O.C (Full text)
0,BERT-base,0.6414435389988359,0.624173180998196,0.6910994764397905,0.6994309363683393,0.494047619047619,0.6736263736263736,0.6886792452830187,0.6721955477957223
1,mBERT,0.6597222222222223,0.6648260629486472,0.7404193781634129,0.7054108216432865,0.5714285714285714,0.7220879652005799,0.7033352837916911,0.6853725850965962
2,Bio-Link-BERT,0.6810176125244618,0.647985989492119,0.7109190887666929,0.7034548944337812,0.598503740648379,0.6864365580943121,0.700792199878123,0.6812801402893468
3,SciBERT,0.6845637583892618,0.6434403919433859,0.6776395022079486,0.6990788126919141,0.46913580246913583,0.6927914852443153,0.6717752234993615,0.6973084886128365
4,RoBERTa-base,0.6115254237288135,0.5460750853242321,0.7044711014176661,0.695303550973654,0.5552699228791773,0.6860158311345647,0.6734824281150159,0.6810463515374026
5,XLM-RoBERTa,0.6704161979752531,0.6832627118644068,0.7358418852147472,0.708274231678487,0.5543478260869564,0.7213955874807595,0.7100056529112493,0.7125871258712587
