,model,Title,Abstract,Full text,Translated Title,Phrases with Keywords (Abstract),Phrases with Keywords + O.C (Abstract),Phrases with Keywords (Full text),Phrases with Keywords + O.C (Full text)
0,BERT-base,0.34424242424242424,0.2838633686690224,0.738243123336291,0.828125,0.47029702970297027,0.8444180522565321,0.6838440111420613,0.7358851674641148
1,mBERT,0.6836363636363636,0.45936395759717313,0.80301685891748,0.8725961538461539,0.5445544554455446,0.8836104513064132,0.7520891364902507,0.7081339712918661
2,Bio-Link-BERT,0.7806060606060606,0.5347467608951708,0.7834960070984915,0.9086538461538461,0.3217821782178218,0.9465558194774347,0.7019498607242339,0.6947368421052632
3,SciBERT,0.5987878787878788,0.46054181389870436,0.7772848269742679,0.84375,0.29207920792079206,0.8752969121140143,0.7883008356545961,0.816267942583732
4,RoBERTa-base,0.3187878787878788,0.32037691401649,0.7879325643300799,0.7463942307692307,0.5445544554455446,0.834916864608076,0.733983286908078,0.5856459330143541
5,XLM-RoBERTa,0.616969696969697,0.6395759717314488,0.9449866903283053,0.8882211538461539,0.5742574257425742,0.9311163895486936,0.7701949860724234,0.724401913875598
