,model,Title,Abstract,Full text,Translated Title,Phrases with Keywords (Abstract),Phrases with Keywords + O.C (Abstract),Phrases with Keywords (Full text),Phrases with Keywords + O.C (Full text)
0,BERT-base,0.8272671190623072,0.8349056603773585,0.8472468916518651,0.8555691554467564,0.6658415841584159,0.807372175980975,0.799163179916318,0.8145663632007667
1,mBERT,0.8871067242442936,0.8620283018867925,0.9138543516873889,0.8610771113831089,0.7079207920792079,0.8353151010701546,0.8535564853556485,0.8787733588883565
2,Bio-Link-BERT,0.8056755089450957,0.8685141509433962,0.8481349911190054,0.8537331701346389,0.6881188118811881,0.7859690844233056,0.8451882845188284,0.8490656444657403
3,SciBERT,0.81122763726095,0.8113207547169812,0.8534635879218473,0.8353733170134638,0.5866336633663366,0.8228299643281808,0.7928870292887029,0.9103977000479156
4,RoBERTa-base,0.8581122763726095,0.8620283018867925,0.9147424511545293,0.8659730722154223,0.7202970297029703,0.8650416171224733,0.8451882845188284,0.8787733588883565
5,XLM-RoBERTa,0.8581122763726095,0.8714622641509434,0.8783303730017762,0.8090575275397797,,0.8650416171224733,0.592747559274756,0.7805462386200287
