,model,Title,Abstract,Full text,Translated Title,Phrases with Keywords (Abstract),Phrases with Keywords + O.C (Abstract),Phrases with Keywords (Full text),Phrases with Keywords + O.C (Full text)
0,BERT-base,0.8656195462478184,0.8136094674556213,0.8728121353558926,0.8536209553158706,0.6728110599078341,0.8315467075038285,0.8565815324165029,0.82981220657277
1,mBERT,0.8401898734177216,0.8376436781609196,0.893640350877193,0.8231292517006803,0.7314814814814815,0.8622291021671826,0.8183206106870229,0.8488664987405542
2,Bio-Link-BERT,0.7604166666666666,0.7750309023485785,0.859375,0.858806404657933,0.6035714285714285,0.7851662404092071,0.738191632928475,0.7881002087682673
3,SciBERT,0.8325581395348837,0.851063829787234,0.895933014354067,0.8498542274052479,0.6822429906542056,0.8148148148148148,0.8172920065252854,0.8449720670391061
4,RoBERTa-base,0.7744733581164808,0.7816091954022989,0.8614931237721022,0.8319209039548022,0.6334841628959276,0.8323863636363636,0.737467018469657,0.8066298342541437
5,XLM-RoBERTa,0.8442748091603054,0.8213820078226858,0.8451845184518452,0.7773851590106007,0.7168949771689498,0.8269230769230769,0.690566037735849,0.8485675306957708
