,model,Title,Abstract,Full text,Translated Title,Phrases with Keywords (Abstract),Phrases with Keywords + O.C (Abstract),Phrases with Keywords (Full text),Phrases with Keywords + O.C (Full text)
0,BERT-base,0.4763636363636364,0.6431095406360424,0.5164152617568767,0.8978365384615384,0.4603960396039604,0.7327790973871734,0.5,0.7636363636363637
1,mBERT,0.5139393939393939,0.48881036513545345,0.6912156166814551,0.7115384615384616,0.16831683168316833,0.671021377672209,0.3008356545961003,0.7033492822966507
2,Bio-Link-BERT,0.8933333333333333,0.19199057714958775,0.6974267968056788,0.9963942307692307,0.5841584158415841,0.7494061757719715,0.5348189415041783,0.662200956937799
3,SciBERT,0.5890909090909091,0.5783274440518257,0.6051464063886424,0.8774038461538461,0.5544554455445545,0.8254156769596199,0.5459610027855153,0.8086124401913876
4,RoBERTa-base,0.4618181818181818,0.2850412249705536,0.3921916592724046,0.9831730769230769,0.27722772277227725,0.5724465558194775,0.435933147632312,0.7062200956937799
5,XLM-RoBERTa,0.19151515151515153,0.5241460541813898,0.6335403726708074,0.96875,0.35148514851485146,0.831353919239905,0.3955431754874652,0.7148325358851675
