,model,Title,Abstract,Full text,Translated Title,Phrases with Keywords (Abstract),Phrases with Keywords + O.C (Abstract),Phrases with Keywords (Full text),Phrases with Keywords + O.C (Full text)
0,BERT-base,0.7042424242424242,0.6996466431095406,0.7732919254658385,0.7451923076923077,0.5792079207920792,0.7309976247030879,0.7061281337047354,0.7119617224880382
1,mBERT,0.7509090909090909,0.748527679623086,0.8105590062111802,0.7692307692307693,0.6039603960396039,0.7707838479809976,0.7472144846796658,0.762200956937799
2,Bio-Link-BERT,0.7133333333333334,0.7179034157832744,0.751109139307897,0.7457932692307693,0.6113861386138614,0.7096199524940617,0.7068245125348189,0.7325358851674642
3,SciBERT,0.7321212121212122,0.734982332155477,0.7502218278615794,0.7463942307692307,0.5841584158415841,0.7315914489311164,0.7103064066852368,0.7229665071770335
4,RoBERTa-base,0.7248484848484849,0.7420494699646644,0.7524401064773736,0.7728365384615384,0.5,0.7422802850356295,0.7228412256267409,0.7258373205741627
5,XLM-RoBERTa,0.743030303030303,0.7491166077738516,0.7999112688553682,0.7578125,0.5123762376237624,0.7695961995249406,0.7123955431754875,0.7555023923444976
